Timestamp;AH3;LSParking
6/01/2018 0:00;-0,3624554;-0,2071317
6/01/2018 0:15;-0,3647113;-0,2141537
6/01/2018 0:30;-0,3634571;-0,2077543
6/01/2018 0:45;-0,3612216;-0,1995414
6/01/2018 1:00;-0,3649208;-0,2044004
6/01/2018 1:15;-0,3641809;-0,2065343
6/01/2018 1:30;-0,365157;-0,2067919
6/01/2018 1:45;-0,3661237;-0,2072467
6/01/2018 2:00;-0,3656837;-0,2121354
6/01/2018 2:15;-0,3654264;-0,2129722
6/01/2018 2:30;-0,3676208;-0,215763
6/01/2018 2:45;-0,3629017;-0,2117139
6/01/2018 3:00;-0,3640656;-0,200627
6/01/2018 3:15;-0,3662943;-0,2122332
6/01/2018 3:30;-0,364138;-0,1965581
6/01/2018 3:45;-0,3630396;-0,1948456
6/01/2018 4:00;-0,3636347;-0,1970884
6/01/2018 4:15;-0,3664936;-0,1955996
6/01/2018 4:30;-0,3621799;-0,2007972
6/01/2018 4:45;-0,359262;-0,1953697
6/01/2018 5:00;-0,3493162;-0,1666834
6/01/2018 5:15;0,03867482;1,198579
6/01/2018 5:30;4,298734;12,59462
6/01/2018 5:45;5,276278;14,69822
6/01/2018 6:00;8,907748;27,05054
6/01/2018 6:15;11,6234;23,69974
6/01/2018 6:30;11,30287;27,1806
6/01/2018 6:45;22,5311;54,03881
6/01/2018 7:00;35,10256;72,11807
6/01/2018 7:15;32,68902;69,05914
6/01/2018 7:30;38,45881;91,42728
6/01/2018 7:45;52,41822;117,7022
6/01/2018 8:00;39,7934;122,123
6/01/2018 8:15;42,04121;120,4199
6/01/2018 8:30;50,63158;166,0749
6/01/2018 8:45;87,90203;273,5355
6/01/2018 9:00;92,71293;214,0061
6/01/2018 9:15;83,4058;219,7189
6/01/2018 9:30;84,06652;184,3808
6/01/2018 9:45;97,1732;237,3004
6/01/2018 10:00;143,6692;327,4226
6/01/2018 10:15;106,3489;241,2939
6/01/2018 10:30;97,07625;234,1406
6/01/2018 10:45;102,4138;266,0672
6/01/2018 11:00;100,2836;247,5511
6/01/2018 11:15;76,40706;200,0224
6/01/2018 11:30;89,37663;235,3851
6/01/2018 11:45;117,878;286,0862
6/01/2018 12:00;80,07122;173,3186
6/01/2018 12:15;59,75966;148,1859
6/01/2018 12:30;73,65509;181,2441
6/01/2018 12:45;69,75737;188,5116
6/01/2018 13:00;89,02904;208,0515
6/01/2018 13:15;100,3322;200,1502
6/01/2018 13:30;82,75536;168,7881
6/01/2018 13:45;71,83323;163,1601
6/01/2018 14:00;147,7223;245,2008
6/01/2018 14:15;100,8518;245,8352
6/01/2018 14:30;88,30087;171,3687
6/01/2018 14:45;72,91543;128,4983
6/01/2018 15:00;76,92045;193,145
6/01/2018 15:15;77,41686;187,9474
6/01/2018 15:30;82,13928;199,2271
6/01/2018 15:45;88,32996;197,3147
6/01/2018 16:00;79,70209;202,1806
6/01/2018 16:15;96,67248;207,2889
6/01/2018 16:30;88,56201;193,9697
6/01/2018 16:45;65,1124;147,3624
6/01/2018 17:00;53,79464;136,0084
6/01/2018 17:15;62,31499;162,4807
6/01/2018 17:30;85,52574;201,8663
6/01/2018 17:45;70,6801;197,3902
6/01/2018 18:00;56,00635;147,1381
6/01/2018 18:15;56,1288;138,3957
6/01/2018 18:30;44,61423;110,6553
6/01/2018 18:45;31,67265;75,7029
6/01/2018 19:00;17,74883;41,16539
6/01/2018 19:15;6,863477;17,7745
6/01/2018 19:30;4,448823;12,01896
6/01/2018 19:45;1,2514;4,213499
6/01/2018 20:00;-0,1496378;0,3235527
6/01/2018 20:15;-0,3462202;-0,1759791
6/01/2018 20:30;-0,3578887;-0,2082845
6/01/2018 20:45;-0,3613944;-0,2046293
6/01/2018 21:00;-0,3609875;-0,2062801
6/01/2018 21:15;-0,3619688;-0,2021433
6/01/2018 21:30;-0,3656531;-0,1906586
6/01/2018 21:45;-0,364492;-0,1907821
6/01/2018 22:00;-0,3654946;-0,1907504
6/01/2018 22:15;-0,3633656;-0,2081871
6/01/2018 22:30;-0,3607139;-0,1949616
6/01/2018 22:45;-0,3626141;-0,1935893
6/01/2018 23:00;-0,3627316;-0,1902685
6/01/2018 23:15;-0,3631341;-0,2299239
6/01/2018 23:30;-0,3584701;-0,1957759
6/01/2018 23:45;-0,3640129;-0,2171838
6/02/2018 0:00;-0,361781;-0,2143025
6/02/2018 0:15;-0,3653167;-0,232001
6/02/2018 0:30;-0,3630434;-0,1876598
6/02/2018 0:45;-0,3666034;-0,2105297
6/02/2018 1:00;-0,3632374;-0,2079205
6/02/2018 1:15;-0,3755105;-0,199083
6/02/2018 1:30;-0,3636121;-0,2083428
6/02/2018 1:45;-0,3684523;-0,2123056
6/02/2018 2:00;-0,3676005;-0,1968836
6/02/2018 2:15;-0,3725022;-0,2107303
6/02/2018 2:30;-0,369223;-0,1904056
6/02/2018 2:45;-0,3603352;-0,2278224
6/02/2018 3:00;-0,3604828;-0,2249184
6/02/2018 3:15;-0,3557478;-0,1954227
6/02/2018 3:30;-0,3654335;-0,1886236
6/02/2018 3:45;-0,3610082;-0,1942286
6/02/2018 4:00;-0,3637352;-0,1874642
6/02/2018 4:15;-0,3620903;-0,1677369
6/02/2018 4:30;-0,3650289;-0,2208248
6/02/2018 4:45;-0,3631193;-0,1938559
6/02/2018 5:00;-0,3536149;-0,1787321
6/02/2018 5:15;0,9572279;3,141113
6/02/2018 5:30;5,993868;15,98071
6/02/2018 5:45;12,27347;36,50873
6/02/2018 6:00;20,37862;57,94981
6/02/2018 6:15;17,81384;48,60114
6/02/2018 6:30;27,8559;72,12086
6/02/2018 6:45;32,71946;76,70738
6/02/2018 7:00;29,76401;68,5587
6/02/2018 7:15;32,05257;77,26084
6/02/2018 7:30;34,87139;82,86675
6/02/2018 7:45;38,79998;87,09213
6/02/2018 8:00;36,27734;87,83522
6/02/2018 8:15;70,49326;183,2008
6/02/2018 8:30;90,50591;240,5011
6/02/2018 8:45;69,48619;187,8176
6/02/2018 9:00;119,6586;347,901
6/02/2018 9:15;141,77;367,7849
6/02/2018 9:30;167,5631;373,5185
6/02/2018 9:45;127,2546;373,5091
6/02/2018 10:00;149,1927;340,2479
6/02/2018 10:15;123,6955;200,8853
6/02/2018 10:30;55,6746;103,7219
6/02/2018 10:45;44,88061;167,3676
6/02/2018 11:00;70,55621;174,0289
6/02/2018 11:15;61,92302;238,2198
6/02/2018 11:30;34,94014;161,2507
6/02/2018 11:45;42,93332;121,897
6/02/2018 12:00;108,915;229,355
6/02/2018 12:15;178,5838;230,0275
6/02/2018 12:30;119,3512;427,6611
6/02/2018 12:45;124,6477;274,3852
6/02/2018 13:00;78,30025;177,3795
6/02/2018 13:15;155,7853;242,8542
6/02/2018 13:30;144,0631;319,674
6/02/2018 13:45;207,3397;481,6261
6/02/2018 14:00;207,4475;394,9757
6/02/2018 14:15;202,2962;307,9169
6/02/2018 14:30;119,6339;269,166
6/02/2018 14:45;144,401;253,2715
6/02/2018 15:00;120,1183;288,8376
6/02/2018 15:15;163,4665;455,0323
6/02/2018 15:30;134,4335;215,6753
6/02/2018 15:45;71,06425;174,0819
6/02/2018 16:00;89,5992;199,5785
6/02/2018 16:15;73,6505;226,604
6/02/2018 16:30;52,64696;109,1113
6/02/2018 16:45;49,01391;118,9588
6/02/2018 17:00;46,64126;114,2964
6/02/2018 17:15;85,41302;200,6665
6/02/2018 17:30;80,30844;176,7316
6/02/2018 17:45;57,94548;135,2745
6/02/2018 18:00;43,55817;111,304
6/02/2018 18:15;34,16315;86,65511
6/02/2018 18:30;36,379;89,74328
6/02/2018 18:45;26,68321;66,53996
6/02/2018 19:00;21,122;50,87519
6/02/2018 19:15;16,13869;37,08445
6/02/2018 19:30;11,57403;26,92939
6/02/2018 19:45;2,587114;7,731792
6/02/2018 20:00;0,3267623;0,897347
6/02/2018 20:15;-0,2482421;-0,05120463
6/02/2018 20:30;-0,3628681;-0,1636871
6/02/2018 20:45;-0,3762104;-0,1995247
6/02/2018 21:00;-0,3700683;-0,2077768
6/02/2018 21:15;-0,3691381;-0,2060255
6/02/2018 21:30;-0,3627374;-0,1981075
6/02/2018 21:45;-0,3584324;-0,194722
6/02/2018 22:00;-0,3613792;-0,2032858
6/02/2018 22:15;-0,3652724;-0,2090025
6/02/2018 22:30;-0,3652734;-0,190419
6/02/2018 22:45;-0,3666878;-0,2120758
6/02/2018 23:00;-0,368692;-0,2105488
6/02/2018 23:15;-0,366953;-0,2206238
6/02/2018 23:30;-0,3632424;-0,2174395
6/02/2018 23:45;-0,3660309;-0,1978999
6/03/2018 0:00;-0,3613922;-0,2100764
6/03/2018 0:15;-0,3716543;-0,1885708
6/03/2018 0:30;-0,3670569;-0,2221531
6/03/2018 0:45;-0,3735307;-0,1950394
6/03/2018 1:00;-0,3687409;-0,1848566
6/03/2018 1:15;-0,3688859;-0,2102339
6/03/2018 1:30;-0,3771758;-0,1964347
6/03/2018 1:45;-0,3730135;-0,2054562
6/03/2018 2:00;-0,3739071;-0,21853
6/03/2018 2:15;-0,3765683;-0,2160574
6/03/2018 2:30;-0,3720819;-0,2243556
6/03/2018 2:45;-0,3752293;-0,1935574
6/03/2018 3:00;-0,3770303;-0,2116121
6/03/2018 3:15;-0,3685216;-0,2155372
6/03/2018 3:30;-0,3731885;-0,22323
6/03/2018 3:45;-0,3728692;-0,2307576
6/03/2018 4:00;-0,372542;-0,211018
6/03/2018 4:15;-0,3641862;-0,2004804
6/03/2018 4:30;-0,3801975;-0,2208861
6/03/2018 4:45;-0,3683238;-0,2025308
6/03/2018 5:00;-0,3341064;-0,009405022
6/03/2018 5:15;1,347566;4,017209
6/03/2018 5:30;3,951095;10,21821
6/03/2018 5:45;7,695834;22,0565
6/03/2018 6:00;13,23123;39,49229
6/03/2018 6:15;20,66505;61,05621
6/03/2018 6:30;29,50182;88,79082
6/03/2018 6:45;41,00595;119,8866
6/03/2018 7:00;53,21318;151,6409
6/03/2018 7:15;66,19771;188,46
6/03/2018 7:30;79,28268;220,8787
6/03/2018 7:45;96,56228;236,0587
6/03/2018 8:00;112,4587;269,6871
6/03/2018 8:15;99,4903;336,577
6/03/2018 8:30;55,64023;410,9447
6/03/2018 8:45;86,56697;354,5858
6/03/2018 9:00;80,33443;193,3364
6/03/2018 9:15;112,1051;241,0007
6/03/2018 9:30;138,4166;404,3961
6/03/2018 9:45;112,3869;278,5057
6/03/2018 10:00;113,6925;305,8551
6/03/2018 10:15;100,156;216,8456
6/03/2018 10:30;83,07178;204,7273
6/03/2018 10:45;108,6687;290,1225
6/03/2018 11:00;110,7253;270,6631
6/03/2018 11:15;110,4107;406,6076
6/03/2018 11:30;198,0713;470,687
6/03/2018 11:45;128,1974;264,6565
6/03/2018 12:00;160,4924;462,096
6/03/2018 12:15;146,149;485,5311
6/03/2018 12:30;199,0648;485,7439
6/03/2018 12:45;203,9702;485,4857
6/03/2018 13:00;207,8636;485,3778
6/03/2018 13:15;207,8491;485,274
6/03/2018 13:30;207,8465;485,1998
6/03/2018 13:45;207,8171;485,095
6/03/2018 14:00;207,8693;485,058
6/03/2018 14:15;207,8452;484,9035
6/03/2018 14:30;207,404;484,6759
6/03/2018 14:45;205,8991;484,2971
6/03/2018 15:00;200,2565;481,9567
6/03/2018 15:15;194,4351;474,8229
6/03/2018 15:30;182,7141;453,1764
6/03/2018 15:45;172,9788;429,4525
6/03/2018 16:00;163,8824;403,8462
6/03/2018 16:15;154,4657;378,0619
6/03/2018 16:30;130,3513;328,841
6/03/2018 16:45;133,1014;321,3242
6/03/2018 17:00;118,1815;289,6421
6/03/2018 17:15;100,1446;233,533
6/03/2018 17:30;91,15211;228,1645
6/03/2018 17:45;77,71513;192,8602
6/03/2018 18:00;61,93935;160,8403
6/03/2018 18:15;55,01788;134,6237
6/03/2018 18:30;31,32738;69,18385
6/03/2018 18:45;14,86948;36,76161
6/03/2018 19:00;21,61814;55,31919
6/03/2018 19:15;20,86359;47,02157
6/03/2018 19:30;8,939047;19,25895
6/03/2018 19:45;2,872433;7,553058
6/03/2018 20:00;0,7339845;2,716374
6/03/2018 20:15;-0,3131286;-0,06630162
6/03/2018 20:30;-0,3649101;-0,1947168
6/03/2018 20:45;-0,366343;-0,2053929
6/03/2018 21:00;-0,3739938;-0,198472
6/03/2018 21:15;-0,3743395;-0,2018689
6/03/2018 21:30;-0,3752589;-0,2103819
6/03/2018 21:45;-0,3745923;-0,2148307
6/03/2018 22:00;-0,3735191;-0,2064335
6/03/2018 22:15;-0,3744821;-0,2061084
6/03/2018 22:30;-0,3774814;-0,2035911
6/03/2018 22:45;-0,3765358;-0,2038216
6/03/2018 23:00;-0,3774207;-0,2067284
6/03/2018 23:15;-0,3783466;-0,1928589
6/03/2018 23:30;-0,375651;-0,1977421
6/03/2018 23:45;-0,3666599;-0,2063127
6/04/2018 0:00;-0,3722467;-0,2095785
6/04/2018 0:15;-0,3679816;-0,2060643
6/04/2018 0:30;-0,3726077;-0,2095621
6/04/2018 0:45;-0,3699839;-0,2073604
6/04/2018 1:00;-0,3610989;-0,2063313
6/04/2018 1:15;-0,3648062;-0,1998802
6/04/2018 1:30;-0,3712766;-0,19347
6/04/2018 1:45;-0,3672482;-0,1903258
6/04/2018 2:00;-0,3716896;-0,2009912
6/04/2018 2:15;-0,3687632;-0,2014173
6/04/2018 2:30;-0,3713009;-0,2103251
6/04/2018 2:45;-0,378416;-0,1876986
6/04/2018 3:00;-0,3719273;-0,2152804
6/04/2018 3:15;-0,3637159;-0,1975412
6/04/2018 3:30;-0,3750122;-0,2067968
6/04/2018 3:45;-0,371985;-0,2066528
6/04/2018 4:00;-0,3693925;-0,2088954
6/04/2018 4:15;-0,3661731;-0,2050886
6/04/2018 4:30;-0,3687145;-0,1852516
6/04/2018 4:45;-0,3689916;-0,2135859
6/04/2018 5:00;-0,3663653;-0,1964634
6/04/2018 5:15;-0,3621107;-0,1759578
6/04/2018 5:30;-0,3572376;-0,1681711
6/04/2018 5:45;-0,0970028;1,250281
6/04/2018 6:00;2,449448;8,287673
6/04/2018 6:15;7,646201;18,24339
6/04/2018 6:30;8,254386;20,9994
6/04/2018 6:45;7,306405;22,32882
6/04/2018 7:00;16,07401;44,26666
6/04/2018 7:15;14,34406;33,65996
6/04/2018 7:30;14,24889;34,11041
6/04/2018 7:45;15,28606;36,4277
6/04/2018 8:00;17,8297;47,25371
6/04/2018 8:15;14,73756;39,98246
6/04/2018 8:30;15,81851;37,31447
6/04/2018 8:45;10,29628;26,54404
6/04/2018 9:00;11,3202;24,67294
6/04/2018 9:15;21,13956;65,54428
6/04/2018 9:30;21,52496;56,332
6/04/2018 9:45;20,37129;57,14554
6/04/2018 10:00;25,65041;60,71507
6/04/2018 10:15;22,81796;56,08298
6/04/2018 10:30;29,86372;69,61032
6/04/2018 10:45;30,4891;89,42625
6/04/2018 11:00;49,73893;130,6105
6/04/2018 11:15;72,59908;210,1228
6/04/2018 11:30;81,05401;217,5114
6/04/2018 11:45;81,5989;192,2514
6/04/2018 12:00;81,0183;225,8296
6/04/2018 12:15;96,30556;208,2274
6/04/2018 12:30;74,80248;155,5768
6/04/2018 12:45;64,90845;182,7995
6/04/2018 13:00;74,58805;182,3976
6/04/2018 13:15;80,60119;202,3177
6/04/2018 13:30;71,12189;187,6474
6/04/2018 13:45;62,23684;142,8042
6/04/2018 14:00;46,16395;126,1524
6/04/2018 14:15;42,62035;90,63848
6/04/2018 14:30;28,56755;86,70334
6/04/2018 14:45;42,7031;140,2698
6/04/2018 15:00;46,25901;108,9429
6/04/2018 15:15;35,12951;97,56499
6/04/2018 15:30;53,13252;98,5872
6/04/2018 15:45;51,96687;131,7861
6/04/2018 16:00;41,87854;126,8188
6/04/2018 16:15;33,55844;112,7762
6/04/2018 16:30;44,44408;91,00405
6/04/2018 16:45;46,1264;85,70716
6/04/2018 17:00;38,73237;81,27534
6/04/2018 17:15;21,07998;60,71192
6/04/2018 17:30;24,36467;54,80062
6/04/2018 17:45;26,00282;74,41846
6/04/2018 18:00;21,37923;45,72172
6/04/2018 18:15;11,1679;26,45401
6/04/2018 18:30;7,377421;28,70872
6/04/2018 18:45;10,05616;39,40324
6/04/2018 19:00;6,495511;21,51855
6/04/2018 19:15;4,223974;17,78468
6/04/2018 19:30;4,378591;9,635159
6/04/2018 19:45;1,118533;3,769449
6/04/2018 20:00;-0,130034;0,1163978
6/04/2018 20:15;-0,3545729;-0,170457
6/04/2018 20:30;-0,3617038;-0,2055196
6/04/2018 20:45;-0,3710649;-0,1884003
6/04/2018 21:00;-0,3702708;-0,194159
6/04/2018 21:15;-0,3662006;-0,1921633
6/04/2018 21:30;-0,3788413;-0,2090455
6/04/2018 21:45;-0,3796598;-0,2079967
6/04/2018 22:00;-0,3755361;-0,2109789
6/04/2018 22:15;-0,3717528;-0,2211682
6/04/2018 22:30;-0,3734464;-0,2031034
6/04/2018 22:45;-0,3745864;-0,203116
6/04/2018 23:00;-0,3667623;-0,1845016
6/04/2018 23:15;-0,3729839;-0,204872
6/04/2018 23:30;-0,3826391;-0,2209738
6/04/2018 23:45;-0,3627506;-0,210714
6/05/2018 0:00;-0,3610126;-0,2080257
6/05/2018 0:15;-0,3637665;-0,1849607
6/05/2018 0:30;-0,3707932;-0,1977148
6/05/2018 0:45;-0,3679109;-0,192841
6/05/2018 1:00;-0,3674435;-0,1981321
6/05/2018 1:15;-0,3744435;-0,1949035
6/05/2018 1:30;-0,3695324;-0,1998066
6/05/2018 1:45;-0,3600735;-0,2210123
6/05/2018 2:00;-0,370641;-0,2019764
6/05/2018 2:15;-0,3753037;-0,1969773
6/05/2018 2:30;-0,3696952;-0,2300638
6/05/2018 2:45;-0,3764191;-0,1877386
6/05/2018 3:00;-0,3687749;-0,1802193
6/05/2018 3:15;-0,3734891;-0,2012001
6/05/2018 3:30;-0,3699949;-0,219628
6/05/2018 3:45;-0,3707366;-0,199165
6/05/2018 4:00;-0,3688567;-0,2021489
6/05/2018 4:15;-0,3723507;-0,1902562
6/05/2018 4:30;-0,3653831;-0,2017994
6/05/2018 4:45;-0,3601202;-0,221867
6/05/2018 5:00;-0,355269;-0,174647
6/05/2018 5:15;-0,2374458;0,732008
6/05/2018 5:30;1,20218;5,212525
6/05/2018 5:45;4,784053;8,658615
6/05/2018 6:00;7,20155;15,02311
6/05/2018 6:15;11,66663;25,11607
6/05/2018 6:30;13,91978;31,85219
6/05/2018 6:45;20,22963;44,38028
6/05/2018 7:00;22,6838;64,70409
6/05/2018 7:15;30,33515;70,76192
6/05/2018 7:30;38,15261;83,47898
6/05/2018 7:45;58,14885;101,4751
6/05/2018 8:00;55,98663;122,0474
6/05/2018 8:15;70,18955;169,3784
6/05/2018 8:30;67,37527;218,8116
6/05/2018 8:45;87,48038;271,6303
6/05/2018 9:00;108,5885;302,2383
6/05/2018 9:15;119,1028;416,8961
6/05/2018 9:30;152,2835;305,567
6/05/2018 9:45;117,3663;457,3229
6/05/2018 10:00;184,5811;461,1631
6/05/2018 10:15;195,5414;434,1443
6/05/2018 10:30;198,9089;394,6267
6/05/2018 10:45;164,5484;365,1866
6/05/2018 11:00;136,7242;329,5609
6/05/2018 11:15;143,9022;326,1309
6/05/2018 11:30;97,15425;214,2803
6/05/2018 11:45;44,03768;110,8435
6/05/2018 12:00;57,0767;154,9176
6/05/2018 12:15;32,23328;89,08188
6/05/2018 12:30;33,50782;81,20487
6/05/2018 12:45;21,65472;46,65725
6/05/2018 13:00;13,1341;27,43527
6/05/2018 13:15;11,07547;28,63346
6/05/2018 13:30;28,11747;83,24022
6/05/2018 13:45;80,7755;210,7765
6/05/2018 14:00;53,80205;117,2577
6/05/2018 14:15;40,50554;112,9737
6/05/2018 14:30;21,33363;48,23552
6/05/2018 14:45;9,06228;16,50263
6/05/2018 15:00;14,3788;66,89175
6/05/2018 15:15;81,5602;170,9256
6/05/2018 15:30;84,40446;192,4019
6/05/2018 15:45;145,2628;390,381
6/05/2018 16:00;126,7083;273,3366
6/05/2018 16:15;61,33149;109,4354
6/05/2018 16:30;59,66712;218,5173
6/05/2018 16:45;129,3295;343,8599
6/05/2018 17:00;108,7932;329,744
6/05/2018 17:15;74,45378;171,8879
6/05/2018 17:30;46,26985;139,4444
6/05/2018 17:45;37,04765;106,6889
6/05/2018 18:00;19,75639;50,80539
6/05/2018 18:15;13,41637;38,38539
6/05/2018 18:30;11,51466;32,50282
6/05/2018 18:45;7,188586;18,81897
6/05/2018 19:00;2,884922;7,448512
6/05/2018 19:15;1,213955;5,561255
6/05/2018 19:30;1,692072;4,701242
6/05/2018 19:45;1,008196;3,450908
6/05/2018 20:00;0,02634245;0,7771099
6/05/2018 20:15;-0,3503836;-0,164213
6/05/2018 20:30;-0,3609917;-0,2012928
6/05/2018 20:45;-0,3648057;-0,2152322
6/05/2018 21:00;-0,3599432;-0,1970976
6/05/2018 21:15;-0,3680906;-0,216017
6/05/2018 21:30;-0,3620307;-0,2139974
6/05/2018 21:45;-0,3648954;-0,2196737
6/05/2018 22:00;-0,3737922;-0,2100549
6/05/2018 22:15;-0,3717941;-0,2031582
6/05/2018 22:30;-0,3763578;-0,2322299
6/05/2018 22:45;-0,3813265;-0,184047
6/05/2018 23:00;-0,3715623;-0,1991856
6/05/2018 23:15;-0,3698745;-0,2113558
6/05/2018 23:30;-0,3710268;-0,1844908
6/05/2018 23:45;-0,369569;-0,2063128
6/06/2018 0:00;-0,374372;-0,2245175
6/06/2018 0:15;-0,3761787;-0,2146183
6/06/2018 0:30;-0,3682571;-0,2284082
6/06/2018 0:45;-0,3735969;-0,1926796
6/06/2018 1:00;-0,365905;-0,2122866
6/06/2018 1:15;-0,3577241;-0,2086579
6/06/2018 1:30;-0,3717909;-0,1957633
6/06/2018 1:45;-0,3659323;-0,20477
6/06/2018 2:00;-0,3730532;-0,2021117
6/06/2018 2:15;-0,37285;-0,1859012
6/06/2018 2:30;-0,3732241;-0,1694271
6/06/2018 2:45;-0,3577955;-0,2346669
6/06/2018 3:00;-0,3707764;-0,2620567
6/06/2018 3:15;-0,3679;-0,2154098
6/06/2018 3:30;-0,3680332;-0,1800269
6/06/2018 3:45;-0,3729471;-0,223272
6/06/2018 4:00;-0,3685976;-0,2025241
6/06/2018 4:15;-0,3756211;-0,1935466
6/06/2018 4:30;-0,3741652;-0,2068219
6/06/2018 4:45;-0,367396;-0,1765546
6/06/2018 5:00;-0,3675077;-0,1737635
6/06/2018 5:15;-0,3560539;-0,1666738
6/06/2018 5:30;0,2548308;2,380964
6/06/2018 5:45;1,267786;4,785461
6/06/2018 6:00;2,190973;9,107125
6/06/2018 6:15;4,594109;13,84022
6/06/2018 6:30;6,380107;20,27882
6/06/2018 6:45;9,486343;24,13968
6/06/2018 7:00;12,80254;28,55739
6/06/2018 7:15;12,34474;32,38728
6/06/2018 7:30;10,83874;39,19072
6/06/2018 7:45;11,7564;32,10926
6/06/2018 8:00;15,71563;54,30576
6/06/2018 8:15;28,50696;71,15186
6/06/2018 8:30;34,0641;69,51494
6/06/2018 8:45;34,75378;71,48357
6/06/2018 9:00;53,35028;114,4487
6/06/2018 9:15;59,17277;111,966
6/06/2018 9:30;39,09854;112,2363
6/06/2018 9:45;44,87478;191,1472
6/06/2018 10:00;43,60744;192,7822
6/06/2018 10:15;54,42685;179,8022
6/06/2018 10:30;70,67944;207,2112
6/06/2018 10:45;88,41586;242,3435
6/06/2018 11:00;113,171;342,0273
6/06/2018 11:15;114,6147;414,3035
6/06/2018 11:30;133,6999;343,8474
6/06/2018 11:45;100,4536;229,8126
6/06/2018 12:00;129,0627;349,84
6/06/2018 12:15;170,7327;474,709
6/06/2018 12:30;112,292;454,0649
6/06/2018 12:45;91,67435;289,1505
6/06/2018 13:00;116,064;353,334
6/06/2018 13:15;108,7655;423,0106
6/06/2018 13:30;147,8052;485,7693
6/06/2018 13:45;207,7809;485,3379
6/06/2018 14:00;186,6905;319,2371
6/06/2018 14:15;97,3271;284,2499
6/06/2018 14:30;207,7558;284,8884
6/06/2018 14:45;207,2883;340,6101
6/06/2018 15:00;207,6916;408,9381
6/06/2018 15:15;100,9145;354,2473
6/06/2018 15:30;103,0903;483,0574
6/06/2018 15:45;55,71164;482,4079
6/06/2018 16:00;87,91386;430,2741
6/06/2018 16:15;125,6885;428,1512
6/06/2018 16:30;34,22535;154,7849
6/06/2018 16:45;42,73264;120,7529
6/06/2018 17:00;64,82949;156,7065
6/06/2018 17:15;57,6678;132,2319
6/06/2018 17:30;55,14968;143,6303
6/06/2018 17:45;46,06247;136,577
6/06/2018 18:00;48,89343;119,7185
6/06/2018 18:15;32,30992;105,7842
6/06/2018 18:30;32,58276;80,94951
6/06/2018 18:45;30,76413;68,67677
6/06/2018 19:00;16,44061;37,25471
6/06/2018 19:15;10,91582;22,6974
6/06/2018 19:30;7,340592;20,05687
6/06/2018 19:45;3,032287;8,763603
6/06/2018 20:00;0,8254887;2,771997
6/06/2018 20:15;-0,2813001;-0,07379346
6/06/2018 20:30;-0,3611455;-0,1846054
6/06/2018 20:45;-0,3650402;-0,2089076
6/06/2018 21:00;-0,3673205;-0,2103025
6/06/2018 21:15;-0,3717899;-0,209137
6/06/2018 21:30;-0,369041;-0,2117503
6/06/2018 21:45;-0,3707446;-0,1956378
6/06/2018 22:00;-0,369321;-0,2041679
6/06/2018 22:15;-0,3651891;-0,2069987
6/06/2018 22:30;-0,3673956;-0,1960883
6/06/2018 22:45;-0,3677019;-0,2113937
6/06/2018 23:00;-0,3698923;-0,2152825
6/06/2018 23:15;-0,3685257;-0,2075479
6/06/2018 23:30;-0,37185;-0,2038814
6/06/2018 23:45;-0,3686914;-0,23901
6/07/2018 0:00;-0,3717538;-0,2001509
6/07/2018 0:15;-0,371609;-0,2060238
6/07/2018 0:30;-0,3724878;-0,2105732
6/07/2018 0:45;-0,3727538;-0,1967325
6/07/2018 1:00;-0,3692107;-0,2088121
6/07/2018 1:15;-0,3649741;-0,2058757
6/07/2018 1:30;-0,3642862;-0,2116583
6/07/2018 1:45;-0,370544;-0,2025608
6/07/2018 2:00;-0,3661599;-0,2075842
6/07/2018 2:15;-0,3670295;-0,1984616
6/07/2018 2:30;-0,3684556;-0,1854407
6/07/2018 2:45;-0,3663993;-0,2049052
6/07/2018 3:00;-0,36786;-0,2022043
6/07/2018 3:15;-0,3652322;-0,1983449
6/07/2018 3:30;-0,3665223;-0,199346
6/07/2018 3:45;-0,3672253;-0,2139034
6/07/2018 4:00;-0,3670026;-0,1962539
6/07/2018 4:15;-0,3730611;-0,2075601
6/07/2018 4:30;-0,3716951;-0,2026194
6/07/2018 4:45;-0,3715545;-0,2006571
6/07/2018 5:00;-0,3641183;-0,1713407
6/07/2018 5:15;0,7092201;3,111576
6/07/2018 5:30;5,92338;15,54274
6/07/2018 5:45;10,67942;25,82269
6/07/2018 6:00;9,87135;23,44865
6/07/2018 6:15;12,60868;30,30217
6/07/2018 6:30;17,31941;42,4986
6/07/2018 6:45;24,42471;58,44016
6/07/2018 7:00;23,37738;58,94782
6/07/2018 7:15;38,97778;101,7751
6/07/2018 7:30;51,35049;122,2586
6/07/2018 7:45;70,94012;151,2115
6/07/2018 8:00;91,41688;247,4726
6/07/2018 8:15;83,57111;201,73
6/07/2018 8:30;84,59109;201,7237
6/07/2018 8:45;122,7758;271,6534
6/07/2018 9:00;139,8141;448,6802
6/07/2018 9:15;186,9319;448,058
6/07/2018 9:30;140,6588;395,2978
6/07/2018 9:45;128,2337;296,293
6/07/2018 10:00;140,015;369,25
6/07/2018 10:15;187,1666;470,0446
6/07/2018 10:30;207,5706;453,8519
6/07/2018 10:45;173,5365;474,2563
6/07/2018 11:00;185,9484;470,9099
6/07/2018 11:15;196,3428;459,8887
6/07/2018 11:30;154,8822;351,6945
6/07/2018 11:45;148,7872;415,5582
6/07/2018 12:00;181,499;353,1428
6/07/2018 12:15;186,789;287,9545
6/07/2018 12:30;179,0546;388,6944
6/07/2018 12:45;156,2518;283,1593
6/07/2018 13:00;157,1409;302,2688
6/07/2018 13:15;128,2552;349,3914
6/07/2018 13:30;111,953;281,1712
6/07/2018 13:45;116,9578;290,1657
6/07/2018 14:00;129,4452;301,154
6/07/2018 14:15;114,5089;270,9071
6/07/2018 14:30;92,3823;291,5916
6/07/2018 14:45;94,84137;237,8486
6/07/2018 15:00;70,27551;171,3514
6/07/2018 15:15;68,04841;163,9637
6/07/2018 15:30;58,15001;125,9616
6/07/2018 15:45;40,31642;109,0302
6/07/2018 16:00;60,91926;151,1737
6/07/2018 16:15;80,14157;230,6348
6/07/2018 16:30;81,36365;194,2867
6/07/2018 16:45;80,00449;153,5772
6/07/2018 17:00;65,88474;143,506
6/07/2018 17:15;55,4355;134,6044
6/07/2018 17:30;69,14825;134,6852
6/07/2018 17:45;46,78136;155,6797
6/07/2018 18:00;36,82706;129,8851
6/07/2018 18:15;19,88568;53,83301
6/07/2018 18:30;21,34378;48,14156
6/07/2018 18:45;17,81343;43,36886
6/07/2018 19:00;18,11352;35,01815
6/07/2018 19:15;12,44061;22,65129
6/07/2018 19:30;6,14564;10,70896
6/07/2018 19:45;3,017318;7,984059
6/07/2018 20:00;1,170952;3,346046
6/07/2018 20:15;-0,3110454;-0,08271204
6/07/2018 20:30;-0,3480498;-0,1783061
6/07/2018 20:45;-0,3489872;-0,1937089
6/07/2018 21:00;-0,3649157;-0,2062017
6/07/2018 21:15;-0,3607429;-0,2114573
6/07/2018 21:30;-0,3666868;-0,2078809
6/07/2018 21:45;-0,3726655;-0,2008249
6/07/2018 22:00;-0,3730875;-0,2105252
6/07/2018 22:15;-0,3710923;-0,1940092
6/07/2018 22:30;-0,3679765;-0,1975863
6/07/2018 22:45;-0,3660961;-0,1962067
6/07/2018 23:00;-0,3727681;-0,1955283
6/07/2018 23:15;-0,3722931;-0,2073379
6/07/2018 23:30;-0,3633514;-0,2196477
6/07/2018 23:45;-0,3681988;-0,2236627
6/08/2018 0:00;-0,3749048;-0,2013844
6/08/2018 0:15;-0,3751708;-0,2192964
6/08/2018 0:30;-0,3710159;-0,215418
6/08/2018 0:45;-0,3668439;-0,1971487
6/08/2018 1:00;-0,3664122;-0,1926856
6/08/2018 1:15;-0,3669618;-0,2057021
6/08/2018 1:30;-0,3680436;-0,1943513
6/08/2018 1:45;-0,3710204;-0,1738687
6/08/2018 2:00;-0,3705538;-0,1827736
6/08/2018 2:15;-0,3624315;-0,2049394
6/08/2018 2:30;-0,3694264;-0,2112642
6/08/2018 2:45;-0,3708432;-0,1911035
6/08/2018 3:00;-0,3731287;-0,1955236
6/08/2018 3:15;-0,3727657;-0,2051397
6/08/2018 3:30;-0,3713205;-0,1916471
6/08/2018 3:45;-0,3690741;-0,2057096
6/08/2018 4:00;-0,3682512;-0,2257591
6/08/2018 4:15;-0,3748184;-0,2101639
6/08/2018 4:30;-0,3707621;-0,2065191
6/08/2018 4:45;-0,3670079;-0,1850198
6/08/2018 5:00;-0,3397599;-0,1675423
6/08/2018 5:15;1,321588;4,246181
6/08/2018 5:30;4,206169;11,78205
6/08/2018 5:45;7,791108;24,1544
6/08/2018 6:00;12,88389;42,2514
6/08/2018 6:15;19,47781;62,94632
6/08/2018 6:30;27,9042;90,09501
6/08/2018 6:45;40,89214;133,0885
6/08/2018 7:00;63,359;172,7247
6/08/2018 7:15;46,84536;167,988
6/08/2018 7:30;51,93;177,675
6/08/2018 7:45;88,74686;174,5507
6/08/2018 8:00;76,10741;239,171
6/08/2018 8:15;102,4971;367,4702
6/08/2018 8:30;102,2405;333,3824
6/08/2018 8:45;127,0932;350,3264
6/08/2018 9:00;157,6405;389,2731
6/08/2018 9:15;161,5167;403,4129
6/08/2018 9:30;157,4464;423,5604
6/08/2018 9:45;174,7812;442,6845
6/08/2018 10:00;181,9946;461,7473
6/08/2018 10:15;189,2445;474,8006
6/08/2018 10:30;182,7871;436,9702
6/08/2018 10:45;182,9089;484,4049
6/08/2018 11:00;195,4627;484,3678
6/08/2018 11:15;207,4065;484,4839
6/08/2018 11:30;207,0469;445,9681
6/08/2018 11:45;207,6331;447,9345
6/08/2018 12:00;175,7186;449,2561
6/08/2018 12:15;145,9106;181,1519
6/08/2018 12:30;106,2662;355,7068
6/08/2018 12:45;172,8745;388,4398
6/08/2018 13:00;137,5367;483,2095
6/08/2018 13:15;173,7004;453,13
6/08/2018 13:30;176,6283;386,9281
6/08/2018 13:45;171,0379;376,6528
6/08/2018 14:00;161,5813;484,0207
6/08/2018 14:15;136,1933;387,9711
6/08/2018 14:30;110,9981;249,2624
6/08/2018 14:45;72,93429;162,0476
6/08/2018 15:00;60,29982;164,738
6/08/2018 15:15;59,78533;194,0156
6/08/2018 15:30;114,6432;349,3213
6/08/2018 15:45;124,9923;334,9457
6/08/2018 16:00;137,7528;333,5383
6/08/2018 16:15;84,26409;156,569
6/08/2018 16:30;53,91875;125,3977
6/08/2018 16:45;95,2971;198,9274
6/08/2018 17:00;69,3587;224,5016
6/08/2018 17:15;46,75398;134,7899
6/08/2018 17:30;31,52664;71,63504
6/08/2018 17:45;22,36818;49,63137
6/08/2018 18:00;16,58933;38,35975
6/08/2018 18:15;19,9578;50,6354
6/08/2018 18:30;23,87774;73,09885
6/08/2018 18:45;32,59777;75,27451
6/08/2018 19:00;20,85149;52,46285
6/08/2018 19:15;15,62788;38,97216
6/08/2018 19:30;10,88373;24,59783
6/08/2018 19:45;6,184855;14,13974
6/08/2018 20:00;2,099723;5,570741
6/08/2018 20:15;-0,0379053;0,708905
6/08/2018 20:30;-0,35113;-0,1842305
6/08/2018 20:45;-0,3626481;-0,2169253
6/08/2018 21:00;-0,3599995;-0,216569
6/08/2018 21:15;-0,3609338;-0,1951044
6/08/2018 21:30;-0,3636032;-0,196514
6/08/2018 21:45;-0,3610676;-0,1918318
6/08/2018 22:00;-0,3644483;-0,1984354
6/08/2018 22:15;-0,369312;-0,208352
6/08/2018 22:30;-0,3646607;-0,2155069
6/08/2018 22:45;-0,3597972;-0,2113916
6/08/2018 23:00;-0,3654274;-0,1989248
6/08/2018 23:15;-0,3590862;-0,2269181
6/08/2018 23:30;-0,3682066;-0,1867583
6/08/2018 23:45;-0,3669269;-0,2234509
6/09/2018 0:00;-0,367221;-0,2028178
6/09/2018 0:15;-0,36035;-0,2146017
6/09/2018 0:30;-0,3725228;-0,1933284
6/09/2018 0:45;-0,3683237;-0,2016829
6/09/2018 1:00;-0,3664534;-0,2076765
6/09/2018 1:15;-0,3742709;-0,2223422
6/09/2018 1:30;-0,3702755;-0,1869917
6/09/2018 1:45;-0,3639688;-0,1936833
6/09/2018 2:00;-0,3660246;-0,1972518
6/09/2018 2:15;-0,3721553;-0,2137282
6/09/2018 2:30;-0,3596529;-0,203947
6/09/2018 2:45;-0,3645128;-0,191525
6/09/2018 3:00;-0,3691508;-0,1922585
6/09/2018 3:15;-0,364515;-0,2164152
6/09/2018 3:30;-0,3645416;-0,2027868
6/09/2018 3:45;-0,3644429;-0,2039785
6/09/2018 4:00;-0,3657946;-0,2022904
6/09/2018 4:15;-0,3701431;-0,1906498
6/09/2018 4:30;-0,366977;-0,2136977
6/09/2018 4:45;-0,3609982;-0,1869071
6/09/2018 5:00;-0,1217352;0,5163506
6/09/2018 5:15;2,447696;7,084373
6/09/2018 5:30;5,37327;14,75066
6/09/2018 5:45;7,929221;24,20207
6/09/2018 6:00;11,48941;34,81371
6/09/2018 6:15;20,75025;53,92315
6/09/2018 6:30;29,4049;74,3457
6/09/2018 6:45;40,41621;107,8741
6/09/2018 7:00;39,83375;83,52947
6/09/2018 7:15;66,92461;174,2734
6/09/2018 7:30;83,23407;203,2588
6/09/2018 7:45;76,76019;219,2799
6/09/2018 8:00;101,3705;271,2533
6/09/2018 8:15;107,0175;288,2448
6/09/2018 8:30;127,6405;331,1036
6/09/2018 8:45;137,9327;358,8642
6/09/2018 9:00;144,7194;373,4054
6/09/2018 9:15;138,837;358,868
6/09/2018 9:30;165,8631;414,0119
6/09/2018 9:45;172,6571;363,9727
6/09/2018 10:00;175,1068;456,5601
6/09/2018 10:15;190,7207;465,5142
6/09/2018 10:30;175,7574;433,5747
6/09/2018 10:45;175,8045;440,6596
6/09/2018 11:00;184,4931;432,4264
6/09/2018 11:15;185,2827;465,9219
6/09/2018 11:30;188,0674;458,7061
6/09/2018 11:45;184,5299;438,1769
6/09/2018 12:00;189,9116;427,8508
6/09/2018 12:15;192,3013;466,3703
6/09/2018 12:30;186,732;449,8285
6/09/2018 12:45;200,0707;480,197
6/09/2018 13:00;184,5156;447,9924
6/09/2018 13:15;184,5262;450,3284
6/09/2018 13:30;186,0045;458,0932
6/09/2018 13:45;166,1714;456,8577
6/09/2018 14:00;172,3125;435,5912
6/09/2018 14:15;181,5236;466,0758
6/09/2018 14:30;172,8149;448,8596
6/09/2018 14:45;164,2649;343,0437
6/09/2018 15:00;157,3813;384,9652
6/09/2018 15:15;139,6577;352,1007
6/09/2018 15:30;133,2211;327,5243
6/09/2018 15:45;125,3575;311,9574
6/09/2018 16:00;119,8314;288,0172
6/09/2018 16:15;121,2147;293,131
6/09/2018 16:30;82,60532;203,4925
6/09/2018 16:45;109,2644;267,6481
6/09/2018 17:00;72,74289;202,9274
6/09/2018 17:15;66,10167;160,7685
6/09/2018 17:30;69,01797;164,122
6/09/2018 17:45;63,09832;167,4129
6/09/2018 18:00;56,05374;153,7739
6/09/2018 18:15;44,08772;114,5872
6/09/2018 18:30;38,01105;83,02969
6/09/2018 18:45;30,8922;72,56135
6/09/2018 19:00;25,6766;61,65389
6/09/2018 19:15;14,123;34,5243
6/09/2018 19:30;9,278246;22,36224
6/09/2018 19:45;5,560121;14,29403
6/09/2018 20:00;1,141378;3,689092
6/09/2018 20:15;-0,3223913;-0,0844022
6/09/2018 20:30;-0,3564437;-0,1798901
6/09/2018 20:45;-0,3619222;-0,2003856
6/09/2018 21:00;-0,365602;-0,205006
6/09/2018 21:15;-0,3641364;-0,2103126
6/09/2018 21:30;-0,3620364;-0,2155109
6/09/2018 21:45;-0,3649245;-0,2132191
6/09/2018 22:00;-0,3603574;-0,1987304
6/09/2018 22:15;-0,3637687;-0,1924157
6/09/2018 22:30;-0,3607798;-0,2091836
6/09/2018 22:45;-0,3541051;-0,2042006
6/09/2018 23:00;-0,3616584;-0,1986635
6/09/2018 23:15;-0,3600347;-0,2081229
6/09/2018 23:30;-0,3648176;-0,2034379
6/09/2018 23:45;-0,3648607;-0,2055938
6/10/2018 0:00;-0,3628455;-0,2102018
6/10/2018 0:15;-0,3642956;-0,2085323
6/10/2018 0:30;-0,36932;-0,2100904
6/10/2018 0:45;-0,3613927;-0,1962465
6/10/2018 1:00;-0,3662145;-0,1965508
6/10/2018 1:15;-0,3675044;-0,2085608
6/10/2018 1:30;-0,3669439;-0,2226888
6/10/2018 1:45;-0,368985;-0,2005922
6/10/2018 2:00;-0,3652892;-0,2080016
6/10/2018 2:15;-0,3716368;-0,2113774
6/10/2018 2:30;-0,3715518;-0,1983448
6/10/2018 2:45;-0,3728107;-0,2085306
6/10/2018 3:00;-0,3718537;-0,2057101
6/10/2018 3:15;-0,3698992;-0,190265
6/10/2018 3:30;-0,3704737;-0,198258
6/10/2018 3:45;-0,3702349;-0,1976891
6/10/2018 4:00;-0,3720688;-0,208898
6/10/2018 4:15;-0,3711888;-0,1746015
6/10/2018 4:30;-0,3722719;-0,2004521
6/10/2018 4:45;-0,3629136;-0,1891966
6/10/2018 5:00;0,2642397;1,550489
6/10/2018 5:15;3,526163;9,231251
6/10/2018 5:30;8,044509;20,57732
6/10/2018 5:45;13,84252;36,85972
6/10/2018 6:00;19,40802;60,02037
6/10/2018 6:15;25,43976;80,24485
6/10/2018 6:30;35,95349;114,1002
6/10/2018 6:45;50,12918;153,0346
6/10/2018 7:00;60,86455;181,2046
6/10/2018 7:15;71,18829;206,8449
6/10/2018 7:30;83,14027;234,9022
6/10/2018 7:45;97,98151;267,5907
6/10/2018 8:00;111,9355;302,5998
6/10/2018 8:15;127,0395;335,167
6/10/2018 8:30;143,5793;370,783
6/10/2018 8:45;155,7208;412,9173
6/10/2018 9:00;169,9992;428,3749
6/10/2018 9:15;168,2131;376,3005
6/10/2018 9:30;176,6255;445,1496
6/10/2018 9:45;184,0393;439,5023
6/10/2018 10:00;203,5067;468,9586
6/10/2018 10:15;183,7103;444,8974
6/10/2018 10:30;188,7537;473,9783
6/10/2018 10:45;168,305;402,7187
6/10/2018 11:00;174,0684;456,6091
6/10/2018 11:15;192,4891;478,2887
6/10/2018 11:30;201,0078;483,3756
6/10/2018 11:45;207,1799;485,0131
6/10/2018 12:00;159,0785;372,2913
6/10/2018 12:15;158,078;385,1807
6/10/2018 12:30;161,6116;398,5383
6/10/2018 12:45;166,7337;411,2257
6/10/2018 13:00;177,7182;430,5713
6/10/2018 13:15;186,6805;451,8525
6/10/2018 13:30;195,0881;468,6363
6/10/2018 13:45;173,7317;446,9784
6/10/2018 14:00;149,5854;388,4096
6/10/2018 14:15;170,4377;423,9704
6/10/2018 14:30;137,6974;367,3797
6/10/2018 14:45;166,3725;410,3252
6/10/2018 15:00;166,1198;428,0547
6/10/2018 15:15;186,2059;458,2587
6/10/2018 15:30;153,7221;349,258
6/10/2018 15:45;135,4433;318,5227
6/10/2018 16:00;123,2814;247,9104
6/10/2018 16:15;83,68872;203,2171
6/10/2018 16:30;88,74087;223,3452
6/10/2018 16:45;99,34429;252,2547
6/10/2018 17:00;86,80032;218,0191
6/10/2018 17:15;79,68056;182,8445
6/10/2018 17:30;61,89791;156,4227
6/10/2018 17:45;55,15062;128,5012
6/10/2018 18:00;46,18396;114,0186
6/10/2018 18:15;40,54395;105,0186
6/10/2018 18:30;35,65644;89,61526
6/10/2018 18:45;29,64434;72,73107
6/10/2018 19:00;20,70552;51,96235
6/10/2018 19:15;13,93807;33,85761
6/10/2018 19:30;7,831594;19,86751
6/10/2018 19:45;4,876787;12,88713
6/10/2018 20:00;1,398883;4,4172
6/10/2018 20:15;-0,1726021;0,2980005
6/10/2018 20:30;-0,3575906;-0,1776846
6/10/2018 20:45;-0,3679089;-0,2218128
6/10/2018 21:00;-0,3608143;-0,2091167
6/10/2018 21:15;-0,368123;-0,2128915
6/10/2018 21:30;-0,3696692;-0,2095633
6/10/2018 21:45;-0,3673395;-0,2131003
6/10/2018 22:00;-0,3643492;-0,1941692
6/10/2018 22:15;-0,3639442;-0,2086379
6/10/2018 22:30;-0,3665411;-0,2096746
6/10/2018 22:45;-0,3664084;-0,1988002
6/10/2018 23:00;-0,3695853;-0,2129199
6/10/2018 23:15;-0,3666552;-0,2519808
6/10/2018 23:30;-0,3674486;-0,2201821
6/10/2018 23:45;-0,3766778;-0,2148532
6/11/2018 0:00;-0,3660411;-0,2142667
6/11/2018 0:15;-0,3711741;-0,2131209
6/11/2018 0:30;-0,3766372;-0,2102686
6/11/2018 0:45;-0,371037;-0,2231275
6/11/2018 1:00;-0,3670658;-0,208009
6/11/2018 1:15;-0,373866;-0,1975102
6/11/2018 1:30;-0,3770062;-0,2204917
6/11/2018 1:45;-0,3731548;-0,1915268
6/11/2018 2:00;-0,3622099;-0,2103863
6/11/2018 2:15;-0,3685377;-0,189066
6/11/2018 2:30;-0,3709812;-0,1873276
6/11/2018 2:45;-0,3710899;-0,19858
6/11/2018 3:00;-0,3665805;-0,197443
6/11/2018 3:15;-0,3724601;-0,1930073
6/11/2018 3:30;-0,363112;-0,2041052
6/11/2018 3:45;-0,3690443;-0,2143272
6/11/2018 4:00;-0,3690372;-0,2171615
6/11/2018 4:15;-0,3709184;-0,2067132
6/11/2018 4:30;-0,363075;-0,1945188
6/11/2018 4:45;-0,3680253;-0,1924354
6/11/2018 5:00;-0,3510388;-0,1670809
6/11/2018 5:15;0,468855;2,054533
6/11/2018 5:30;2,811615;7,648226
6/11/2018 5:45;6,454335;15,98878
6/11/2018 6:00;11,90215;29,96992
6/11/2018 6:15;19,3007;48,62542
6/11/2018 6:30;27,07575;70,37485
6/11/2018 6:45;30,39274;80,13867
6/11/2018 7:00;28,22985;77,31082
6/11/2018 7:15;37,28971;88,85083
6/11/2018 7:30;34,12141;84,20818
6/11/2018 7:45;68,43554;162,7763
6/11/2018 8:00;59,30557;189,8022
6/11/2018 8:15;81,68587;212,901
6/11/2018 8:30;92,74248;232,4347
6/11/2018 8:45;93,67145;246,8262
6/11/2018 9:00;138,0211;289,9629
6/11/2018 9:15;156,2459;370,71
6/11/2018 9:30;137,3116;374,2029
6/11/2018 9:45;141,6474;248,797
6/11/2018 10:00;102,1593;281,7165
6/11/2018 10:15;103,3892;241,2726
6/11/2018 10:30;131,0259;269,7974
6/11/2018 10:45;156,5161;386,9545
6/11/2018 11:00;137,7491;410,3667
6/11/2018 11:15;192,6322;404,3907
6/11/2018 11:30;187,2672;429,141
6/11/2018 11:45;202,6417;427,1717
6/11/2018 12:00;207,2993;485,2539
6/11/2018 12:15;207,6717;485,4295
6/11/2018 12:30;132,3707;434,7221
6/11/2018 12:45;151,1049;479,7087
6/11/2018 13:00;182,8836;433,4881
6/11/2018 13:15;166,6656;277,0266
6/11/2018 13:30;119,5931;276,6664
6/11/2018 13:45;73,50156;295,2856
6/11/2018 14:00;178,9857;382,2693
6/11/2018 14:15;94,09116;253,7843
6/11/2018 14:30;75,99129;321,9884
6/11/2018 14:45;135,1673;301,0272
6/11/2018 15:00;200,9005;484,5099
6/11/2018 15:15;184,1269;362,9246
6/11/2018 15:30;179,408;314,981
6/11/2018 15:45;168,7594;357,5279
6/11/2018 16:00;139,8937;391,5875
6/11/2018 16:15;147,5257;365,9755
6/11/2018 16:30;135,9442;336,4185
6/11/2018 16:45;125,1933;308,8477
6/11/2018 17:00;113,1083;278,1916
6/11/2018 17:15;99,8621;247,4342
6/11/2018 17:30;86,91397;215,4447
6/11/2018 17:45;71,65866;183,5118
6/11/2018 18:00;60,47015;151,7858
6/11/2018 18:15;48,42894;120,6482
6/11/2018 18:30;36,85726;89,34042
6/11/2018 18:45;26,11181;61,5084
6/11/2018 19:00;16,9781;39,87966
6/11/2018 19:15;10,94323;24,26074
6/11/2018 19:30;6,801264;15,09588
6/11/2018 19:45;3,939493;9,485343
6/11/2018 20:00;1,747405;4,922681
6/11/2018 20:15;0,06312178;0,8814771
6/11/2018 20:30;-0,3507492;-0,1867511
6/11/2018 20:45;-0,3638122;-0,2174072
6/11/2018 21:00;-0,3703535;-0,1894634
6/11/2018 21:15;-0,3785954;-0,2007867
6/11/2018 21:30;-0,3729544;-0,2115046
6/11/2018 21:45;-0,3707559;-0,1939858
6/11/2018 22:00;-0,3729382;-0,1891347
6/11/2018 22:15;-0,3739115;-0,197121
6/11/2018 22:30;-0,3644041;-0,1968319
6/11/2018 22:45;-0,3604833;-0,212918
6/11/2018 23:00;-0,3705629;-0,2098073
6/11/2018 23:15;-0,3698424;-0,2179371
6/11/2018 23:30;-0,3649767;-0,188072
6/11/2018 23:45;-0,374411;-0,2035389
6/12/2018 0:00;-0,3710158;-0,2033171
6/12/2018 0:15;-0,3766018;-0,192665
6/12/2018 0:30;-0,3641225;-0,2084101
6/12/2018 0:45;-0,3779904;-0,1849297
6/12/2018 1:00;-0,3612145;-0,2010075
6/12/2018 1:15;-0,3648489;-0,1797275
6/12/2018 1:30;-0,3689105;-0,1949379
6/12/2018 1:45;-0,3670125;-0,2117932
6/12/2018 2:00;-0,3697951;-0,2109099
6/12/2018 2:15;-0,3648247;-0,2191989
6/12/2018 2:30;-0,3734988;-0,2080314
6/12/2018 2:45;-0,3634993;-0,2006741
6/12/2018 3:00;-0,3648262;-0,2176137
6/12/2018 3:15;-0,3707874;-0,2093622
6/12/2018 3:30;-0,3730465;-0,185786
6/12/2018 3:45;-0,3650962;-0,2061096
6/12/2018 4:00;-0,3731364;-0,2127642
6/12/2018 4:15;-0,3817869;-0,1844979
6/12/2018 4:30;-0,3765986;-0,1858624
6/12/2018 4:45;-0,3650693;-0,1878752
6/12/2018 5:00;-0,01666143;0,8020096
6/12/2018 5:15;2,365517;6,499999
6/12/2018 5:30;4,409573;11,38983
6/12/2018 5:45;6,036913;16,02575
6/12/2018 6:00;12,65231;38,11002
6/12/2018 6:15;19,82748;62,29096
6/12/2018 6:30;28,7354;90,94501
6/12/2018 6:45;39,48249;122,6516
6/12/2018 7:00;51,12799;154,8481
6/12/2018 7:15;62,94352;186,5401
6/12/2018 7:30;76,38407;219,2278
6/12/2018 7:45;90,65406;250,9398
6/12/2018 8:00;103,7707;281,183
6/12/2018 8:15;117,604;312,3744
6/12/2018 8:30;130,4847;340,8308
6/12/2018 8:45;142,4541;366,4586
6/12/2018 9:00;151,41;374,6498
6/12/2018 9:15;151,3711;385,5229
6/12/2018 9:30;162,8262;409,8498
6/12/2018 9:45;176,2823;441,5831
6/12/2018 10:00;184,983;466,258
6/12/2018 10:15;191,2093;475,6587
6/12/2018 10:30;195,7813;482,6458
6/12/2018 10:45;205,4155;484,4608
6/12/2018 11:00;206,6333;484,5954
6/12/2018 11:15;207,4842;484,6433
6/12/2018 11:30;207,7437;484,7207
6/12/2018 11:45;207,7441;484,9332
6/12/2018 12:00;207,7515;484,7894
6/12/2018 12:15;206,1678;484,8478
6/12/2018 12:30;207,706;484,7758
6/12/2018 12:45;207,7083;484,8784
6/12/2018 13:00;207,507;484,7555
6/12/2018 13:15;207,721;484,7045
6/12/2018 13:30;207,6934;484,6302
6/12/2018 13:45;207,6906;484,5301
6/12/2018 14:00;207,3664;481,7912
6/12/2018 14:15;206,4566;484,1905
6/12/2018 14:30;203,2547;483,1291
6/12/2018 14:45;196,9675;476,8291
6/12/2018 15:00;187,3553;463,2232
6/12/2018 15:15;180,8278;444,6128
6/12/2018 15:30;172,5067;424,8458
6/12/2018 15:45;158,7373;398,2425
6/12/2018 16:00;150,1506;381,1684
6/12/2018 16:15;144,5858;358,3752
6/12/2018 16:30;134,5882;331,5592
6/12/2018 16:45;124,3624;304,1959
6/12/2018 17:00;110,6153;270,0125
6/12/2018 17:15;101,0739;247,5627
6/12/2018 17:30;87,65149;217,3536
6/12/2018 17:45;70,91821;179,622
6/12/2018 18:00;56,64589;156,4796
6/12/2018 18:15;43,63856;107,6328
6/12/2018 18:30;32,6113;82,46861
6/12/2018 18:45;24,58093;61,47573
6/12/2018 19:00;18,42979;45,41851
6/12/2018 19:15;14,75554;35,60658
6/12/2018 19:30;9,202094;22,61032
6/12/2018 19:45;4,685457;12,03739
6/12/2018 20:00;1,943529;5,628548
6/12/2018 20:15;-0,1915171;0,3312418
6/12/2018 20:30;-0,3512224;-0,1763309
6/12/2018 20:45;-0,3651194;-0,2093005
6/12/2018 21:00;-0,3680876;-0,2069107
6/12/2018 21:15;-0,3668899;-0,2075643
6/12/2018 21:30;-0,3675179;-0,2069306
6/12/2018 21:45;-0,3669903;-0,204326
6/12/2018 22:00;-0,3672225;-0,2060352
6/12/2018 22:15;-0,3671895;-0,2114533
6/12/2018 22:30;-0,3689658;-0,2111631
6/12/2018 22:45;-0,3666875;-0,1964571
6/12/2018 23:00;-0,369339;-0,2029538
6/12/2018 23:15;-0,3699537;-0,2076116
6/12/2018 23:30;-0,3686225;-0,1912702
6/12/2018 23:45;-0,3691064;-0,1954712
6/13/18 0:00;-0,3705366;-0,2030106
6/13/18 0:15;-0,3695917;-0,2068944
6/13/18 0:30;-0,3704615;-0,2070248
6/13/18 0:45;-0,3759142;-0,1908874
6/13/18 1:00;-0,3717024;-0,2027233
6/13/18 1:15;-0,3707632;-0,1904027
6/13/18 1:30;-0,3750514;-0,2040457
6/13/18 1:45;-0,3723804;-0,2015742
6/13/18 2:00;-0,3713921;-0,2085361
6/13/18 2:15;-0,3700207;-0,2086191
6/13/18 2:30;-0,3724514;-0,2067224
6/13/18 2:45;-0,3708528;-0,2084164
6/13/18 3:00;-0,3723591;-0,2067695
6/13/18 3:15;-0,3738782;-0,2094534
6/13/18 3:30;-0,3730858;-0,1983609
6/13/18 3:45;-0,3723606;-0,1896835
6/13/18 4:00;-0,3710516;-0,2096895
6/13/18 4:15;-0,3705645;-0,1985476
6/13/18 4:30;-0,3696225;-0,2045729
6/13/18 4:45;-0,3675017;-0,2004295
6/13/18 5:00;-0,2584718;-0,1496039
6/13/18 5:15;2,125408;6,14396
6/13/18 5:30;5,869412;15,91537
6/13/18 5:45;11,19292;32,64876
6/13/18 6:00;17,11238;54,49324
6/13/18 6:15;22,25948;67,01401
6/13/18 6:30;25,03114;77,05773
6/13/18 6:45;31,77861;97,8968
6/13/18 7:00;50,26153;145,367
6/13/18 7:15;60,09212;172,0307
6/13/18 7:30;71,13005;207,6721
6/13/18 7:45;87,39945;246,7671
6/13/18 8:00;92,75816;266,0892
6/13/18 8:15;113,2279;280,8723
6/13/18 8:30;124,98;319,642
6/13/18 8:45;117,2963;353,607
6/13/18 9:00;166,0868;326,9191
6/13/18 9:15;136,105;266,2639
6/13/18 9:30;93,496;234,2277
6/13/18 9:45;123,7368;244,6121
6/13/18 10:00;115,102;389,2366
6/13/18 10:15;97,49551;238,9144
6/13/18 10:30;61,67726;185,1746
6/13/18 10:45;103,7454;289,18
6/13/18 11:00;82,53338;183,1278
6/13/18 11:15;72,28663;174,4553
6/13/18 11:30;76,54065;230,0191
6/13/18 11:45;105,7073;278,7835
6/13/18 12:00;117,6231;283,3608
6/13/18 12:15;116,8928;305,2009
6/13/18 12:30;91,63933;235,5791
6/13/18 12:45;64,90527;168,9842
6/13/18 13:00;76,37323;192,3647
6/13/18 13:15;109,2685;215,5721
6/13/18 13:30;103,6771;283,6006
6/13/18 13:45;137,0156;259,8864
6/13/18 14:00;57,90831;154,4271
6/13/18 14:15;99,61243;194,2757
6/13/18 14:30;67,35999;118,6101
6/13/18 14:45;40,5382;108,7059
6/13/18 15:00;51,92395;120,4115
6/13/18 15:15;26,08407;57,12018
6/13/18 15:30;19,68213;47,91204
6/13/18 15:45;30,24404;74,93378
6/13/18 16:00;28,17162;65,21704
6/13/18 16:15;36,2792;86,20886
6/13/18 16:30;59,61331;143,6445
6/13/18 16:45;61,73521;125,9039
6/13/18 17:00;37,77223;67,32001
6/13/18 17:15;24,92035;59,25823
6/13/18 17:30;23,20502;60,45498
6/13/18 17:45;17,5681;43,3532
6/13/18 18:00;27,0689;60,46883
6/13/18 18:15;37,31007;62,44685
6/13/18 18:30;24,66734;45,3767
6/13/18 18:45;17,73068;32,47758
6/13/18 19:00;6,864088;14,90655
6/13/18 19:15;2,26416;6,161317
6/13/18 19:30;0,8504478;4,373813
6/13/18 19:45;0,4683758;2,636617
6/13/18 20:00;-0,2283521;0,09736627
6/13/18 20:15;-0,346417;-0,1661848
6/13/18 20:30;-0,3562283;-0,1920866
6/13/18 20:45;-0,3593042;-0,2100539
6/13/18 21:00;-0,3643727;-0,1871929
6/13/18 21:15;-0,3650208;-0,2119778
6/13/18 21:30;-0,3703321;-0,2098907
6/13/18 21:45;-0,3680952;-0,208905
6/13/18 22:00;-0,3676132;-0,2041414
6/13/18 22:15;-0,3723887;-0,1994315
6/13/18 22:30;-0,3657119;-0,2129679
6/13/18 22:45;-0,3638158;-0,2111048
6/13/18 23:00;-0,3643496;-0,2106532
6/13/18 23:15;-0,3696949;-0,2058447
6/13/18 23:30;-0,3650209;-0,2229447
6/13/18 23:45;-0,3573048;-0,2209931
6/14/18 0:00;-0,3663801;-0,203317
6/14/18 0:15;-0,3671731;-0,2119095
6/14/18 0:30;-0,3645287;-0,2270441
6/14/18 0:45;-0,3710766;-0,2049789
6/14/18 1:00;-0,3524694;-0,2272518
6/14/18 1:15;-0,3643589;-0,2198262
6/14/18 1:30;-0,3682814;-0,2239178
6/14/18 1:45;-0,3575387;-0,2085067
6/14/18 2:00;-0,3632244;-0,1834551
6/14/18 2:15;-0,3685506;-0,2285343
6/14/18 2:30;-0,3638178;-0,2018608
6/14/18 2:45;-0,3613241;-0,1886502
6/14/18 3:00;-0,3673835;-0,2204688
6/14/18 3:15;-0,3645605;-0,2137616
6/14/18 3:30;-0,3689857;-0,2368872
6/14/18 3:45;-0,3656619;-0,1827274
6/14/18 4:00;-0,364462;-0,1882069
6/14/18 4:15;-0,3587287;-0,2264718
6/14/18 4:30;-0,366996;-0,2061822
6/14/18 4:45;-0,3680721;-0,1757419
6/14/18 5:00;-0,3177564;-0,1450272
6/14/18 5:15;1,116441;3,52355
6/14/18 5:30;3,151176;8,548303
6/14/18 5:45;6,014106;19,1004
6/14/18 6:00;10,79568;36,13051
6/14/18 6:15;17,91825;58,85514
6/14/18 6:30;27,10168;85,65237
6/14/18 6:45;38,4861;115,5695
6/14/18 7:00;50,40524;146,0193
6/14/18 7:15;62,59356;176,2022
6/14/18 7:30;75,58389;206,8989
6/14/18 7:45;89,82306;237,91
6/14/18 8:00;102,9594;267,5308
6/14/18 8:15;115,9315;295,0167
6/14/18 8:30;129,6067;324,8466
6/14/18 8:45;141,6003;351,363
6/14/18 9:00;151,4527;370,9138
6/14/18 9:15;162,6441;397,8079
6/14/18 9:30;173,5103;428,1569
6/14/18 9:45;185,34;424,2109
6/14/18 10:00;197,7157;467,5229
6/14/18 10:15;133,4042;484,1283
6/14/18 10:30;188,9344;292,8634
6/14/18 10:45;164,2661;349,9052
6/14/18 11:00;155,8181;410,8549
6/14/18 11:15;179,0787;311,7875
6/14/18 11:30;173,9389;440,27
6/14/18 11:45;198,9875;485,0472
6/14/18 12:00;192,3312;485,2249
6/14/18 12:15;147,0746;481,6267
6/14/18 12:30;86,10902;423,88
6/14/18 12:45;107,1563;340,9654
6/14/18 13:00;162,1465;399,0591
6/14/18 13:15;127,4122;423,6341
6/14/18 13:30;88,6037;486,3356
6/14/18 13:45;65,72505;198,6719
6/14/18 14:00;59,67774;179,8236
6/14/18 14:15;62,87829;163,0912
6/14/18 14:30;122,7294;278,2267
6/14/18 14:45;84,04179;301,8493
6/14/18 15:00;167,8979;365,0976
6/14/18 15:15;102,6025;259,7592
6/14/18 15:30;93,13613;194,8965
6/14/18 15:45;124,7354;208,2441
6/14/18 16:00;78,89839;163,9236
6/14/18 16:15;45,09651;194,0783
6/14/18 16:30;39,40271;102,768
6/14/18 16:45;36,78922;112,3171
6/14/18 17:00;32,1347;84,85976
6/14/18 17:15;37,49535;140,2773
6/14/18 17:30;22,41673;62,04634
6/14/18 17:45;19,59814;41,67575
6/14/18 18:00;16,50341;44,61491
6/14/18 18:15;13,18453;28,49422
6/14/18 18:30;10,11535;21,53317
6/14/18 18:45;9,555142;22,08451
6/14/18 19:00;6,584989;11,30481
6/14/18 19:15;2,520968;8,474199
6/14/18 19:30;4,541354;13,25645
6/14/18 19:45;4,034373;8,01298
6/14/18 20:00;1,807186;4,224604
6/14/18 20:15;-0,1370617;0,3586933
6/14/18 20:30;-0,3528557;-0,1811789
6/14/18 20:45;-0,3627689;-0,1964083
6/14/18 21:00;-0,3669867;-0,2210841
6/14/18 21:15;-0,3748346;-0,2040932
6/14/18 21:30;-0,369464;-0,189739
6/14/18 21:45;-0,3650324;-0,2172469
6/14/18 22:00;-0,3704191;-0,1928515
6/14/18 22:15;-0,359996;-0,1849914
6/14/18 22:30;-0,3588477;-0,2176578
6/14/18 22:45;-0,3662637;-0,1867997
6/14/18 23:00;-0,3640965;-0,2176841
6/14/18 23:15;-0,3601049;-0,2049615
6/14/18 23:30;-0,3667797;-0,2215225
6/14/18 23:45;-0,3684812;-0,2001657
6/15/18 0:00;-0,3652049;-0,1980812
6/15/18 0:15;-0,3646983;-0,2258715
6/15/18 0:30;-0,371574;-0,2172502
6/15/18 0:45;-0,3641775;-0,1995355
6/15/18 1:00;-0,3633414;-0,1975005
6/15/18 1:15;-0,3676299;-0,2037497
6/15/18 1:30;-0,3659652;-0,2071501
6/15/18 1:45;-0,363196;-0,200914
6/15/18 2:00;-0,3614835;-0,1954531
6/15/18 2:15;-0,3689719;-0,188495
6/15/18 2:30;-0,3732065;-0,1866082
6/15/18 2:45;-0,3729082;-0,195822
6/15/18 3:00;-0,3656413;-0,2030561
6/15/18 3:15;-0,3691769;-0,2124239
6/15/18 3:30;-0,3765955;-0,2048855
6/15/18 3:45;-0,3774611;-0,1715678
6/15/18 4:00;-0,3633465;-0,2129692
6/15/18 4:15;-0,3694746;-0,1803758
6/15/18 4:30;-0,3678755;-0,1818698
6/15/18 4:45;-0,3697723;-0,1882996
6/15/18 5:00;-0,3647273;-0,1704141
6/15/18 5:15;-0,355395;-0,162847
6/15/18 5:30;0,8885337;4,54609
6/15/18 5:45;2,877711;8,282811
6/15/18 6:00;4,703364;11,95806
6/15/18 6:15;5,640612;12,94123
6/15/18 6:30;4,900355;12,4831
6/15/18 6:45;4,854235;12,49713
6/15/18 7:00;4,285998;14,32457
6/15/18 7:15;8,724582;15,8919
6/15/18 7:30;8,012691;16,90922
6/15/18 7:45;8,465557;19,79862
6/15/18 8:00;18,10378;36,06989
6/15/18 8:15;23,55117;57,86297
6/15/18 8:30;48,54057;100,82
6/15/18 8:45;34,88085;143,1451
6/15/18 9:00;50,12347;92,94161
6/15/18 9:15;49,93959;99,52957
6/15/18 9:30;60,55623;135,1455
6/15/18 9:45;50,91408;140,9584
6/15/18 10:00;106,031;293,2652
6/15/18 10:15;98,31532;182,3961
6/15/18 10:30;128,8431;181,3142
6/15/18 10:45;59,77611;157,6523
6/15/18 11:00;37,40133;187,039
6/15/18 11:15;63,80817;221,6249
6/15/18 11:30;42,03527;143,3137
6/15/18 11:45;67,66161;156,5352
6/15/18 12:00;81,03121;149,9466
6/15/18 12:15;39,82243;111,831
6/15/18 12:30;21,1496;45,04312
6/15/18 12:45;38,36556;53,27391
6/15/18 13:00;74,53754;107,7589
6/15/18 13:15;81,58305;203,8559
6/15/18 13:30;37,91899;76,89832
6/15/18 13:45;27,84885;59,70741
6/15/18 14:00;21,29181;98,74628
6/15/18 14:15;89,90115;238,9299
6/15/18 14:30;61,7107;96,19881
6/15/18 14:45;30,37025;79,48264
6/15/18 15:00;86,34434;193,5713
6/15/18 15:15;109,8731;227,2927
6/15/18 15:30;130,3701;318,4319
6/15/18 15:45;190,5848;357,576
6/15/18 16:00;145,6951;155,3414
6/15/18 16:15;35,90766;179,4187
6/15/18 16:30;77,81181;130,5725
6/15/18 16:45;70,87276;181,6903
6/15/18 17:00;92,58429;204,1989
6/15/18 17:15;61,41531;160,5314
6/15/18 17:30;51,88289;108,4099
6/15/18 17:45;71,29698;200,1971
6/15/18 18:00;65,13011;161,1829
6/15/18 18:15;52,54583;128,1012
6/15/18 18:30;39,48538;94,53457
6/15/18 18:45;28,04552;64,16142
6/15/18 19:00;17,92385;39,70005
6/15/18 19:15;10,59451;21,75981
6/15/18 19:30;6,060776;12,34457
6/15/18 19:45;3,404985;7,732066
6/15/18 20:00;1,673678;4,418193
6/15/18 20:15;0,194573;1,209495
6/15/18 20:30;-0,3490817;-0,1756711
6/15/18 20:45;-0,3645154;-0,1908977
6/15/18 21:00;-0,369572;-0,2060856
6/15/18 21:15;-0,3677672;-0,2075356
6/15/18 21:30;-0,3693678;-0,2062399
6/15/18 21:45;-0,3679498;-0,2122836
6/15/18 22:00;-0,3652809;-0,2048067
6/15/18 22:15;-0,3651972;-0,2139848
6/15/18 22:30;-0,3669483;-0,2051759
6/15/18 22:45;-0,3694205;-0,2020483
6/15/18 23:00;-0,3702838;-0,2003666
6/15/18 23:15;-0,3692462;-0,2074827
6/15/18 23:30;-0,3731674;-0,1941355
6/15/18 23:45;-0,3701132;-0,1967359
6/16/18 0:00;-0,3707186;-0,1998657
6/16/18 0:15;-0,3725788;-0,2089756
6/16/18 0:30;-0,3730421;-0,2187004
6/16/18 0:45;-0,3740724;-0,2063065
6/16/18 1:00;-0,3751785;-0,2023625
6/16/18 1:15;-0,3749554;-0,2176366
6/16/18 1:30;-0,3749899;-0,1982821
6/16/18 1:45;-0,3688559;-0,2152029
6/16/18 2:00;-0,3678757;-0,2122523
6/16/18 2:15;-0,3693391;-0,2104785
6/16/18 2:30;-0,3706281;-0,214556
6/16/18 2:45;-0,3691705;-0,1993242
6/16/18 3:00;-0,3644894;-0,2022718
6/16/18 3:15;-0,3686461;-0,2169971
6/16/18 3:30;-0,3681668;-0,2135831
6/16/18 3:45;-0,3687703;-0,1993172
6/16/18 4:00;-0,3694698;-0,2011104
6/16/18 4:15;-0,3685277;-0,209811
6/16/18 4:30;-0,3684844;-0,2090478
6/16/18 4:45;-0,3654877;-0,1897112
6/16/18 5:00;-0,3124591;0,06425449
6/16/18 5:15;1,217013;3,947669
6/16/18 5:30;3,395291;9,489541
6/16/18 5:45;6,403901;21,40222
6/16/18 6:00;11,3951;39,90257
6/16/18 6:15;18,6812;63,55497
6/16/18 6:30;27,93719;90,57039
6/16/18 6:45;39,36849;120,7385
6/16/18 7:00;50,22066;151,4636
6/16/18 7:15;60,1102;175,7049
6/16/18 7:30;75,67764;208,8266
6/16/18 7:45;89,23241;239,728
6/16/18 8:00;102,3761;269,1697
6/16/18 8:15;125,0326;322,5845
6/16/18 8:30;80,87149;186,8814
6/16/18 8:45;76,58719;228,7724
6/16/18 9:00;112,5819;310,0877
6/16/18 9:15;136,2125;361,8244
6/16/18 9:30;162,811;390,7426
6/16/18 9:45;113,2651;266,3706
6/16/18 10:00;143,1145;395,0117
6/16/18 10:15;151,9165;320,9937
6/16/18 10:30;204,0381;473,847
6/16/18 10:45;204,2603;484,2952
6/16/18 11:00;207,7331;450,3271
6/16/18 11:15;207,7402;480,4082
6/16/18 11:30;201,0639;450,5708
6/16/18 11:45;207,4928;476,7277
6/16/18 12:00;207,7645;484,4492
6/16/18 12:15;207,7372;484,4785
6/16/18 12:30;207,7627;484,4667
6/16/18 12:45;203,5084;484,5387
6/16/18 13:00;186,6183;482,7363
6/16/18 13:15;194,7858;387,1734
6/16/18 13:30;207,4128;465,8344
6/16/18 13:45;132,8666;381,7791
6/16/18 14:00;169,0812;410,8586
6/16/18 14:15;193,94;438,234
6/16/18 14:30;186,7025;483,3446
6/16/18 14:45;180,098;375,2457
6/16/18 15:00;160,764;346,8051
6/16/18 15:15;151,0468;369,5005
6/16/18 15:30;107,5702;281,2052
6/16/18 15:45;92,86167;217,0808
6/16/18 16:00;94,35965;219,656
6/16/18 16:15;92,80312;230,2755
6/16/18 16:30;72,29965;176,4695
6/16/18 16:45;71,3367;166,6422
6/16/18 17:00;71,43602;172,5623
6/16/18 17:15;65,92879;170,0118
6/16/18 17:30;76,70166;182,9953
6/16/18 17:45;71,33215;144,0137
6/16/18 18:00;59,17582;154,0175
6/16/18 18:15;44,79175;121,97
6/16/18 18:30;28,67162;73,80936
6/16/18 18:45;23,39592;51,89146
6/16/18 19:00;17,57514;39,21066
6/16/18 19:15;10,70349;22,63576
6/16/18 19:30;6,324638;13,1147
6/16/18 19:45;3,634535;8,113969
6/16/18 20:00;1,800373;4,625326
6/16/18 20:15;0,2363692;1,281825
6/16/18 20:30;-0,3492143;-0,1742307
6/16/18 20:45;-0,3636392;-0,2198405
6/16/18 21:00;-0,3585957;-0,2022738
6/16/18 21:15;-0,3620434;-0,2068599
6/16/18 21:30;-0,3687253;-0,2100715
6/16/18 21:45;-0,3683994;-0,2232132
6/16/18 22:00;-0,365585;-0,2191533
6/16/18 22:15;-0,3621133;-0,2040081
6/16/18 22:30;-0,3633947;-0,2017128
6/16/18 22:45;-0,3603545;-0,1890151
6/16/18 23:00;-0,366818;-0,2066851
6/16/18 23:15;-0,3679923;-0,1983282
6/16/18 23:30;-0,3720215;-0,2289108
6/16/18 23:45;-0,3657527;-0,1962896
6/17/18 0:00;-0,368729;-0,2024369
6/17/18 0:15;-0,3605577;-0,2150893
6/17/18 0:30;-0,3644093;-0,2209446
6/17/18 0:45;-0,3635981;-0,2287709
6/17/18 1:00;-0,3586201;-0,2116587
6/17/18 1:15;-0,3691053;-0,2171616
6/17/18 1:30;-0,3640026;-0,1902292
6/17/18 1:45;-0,361322;-0,1922874
6/17/18 2:00;-0,365875;-0,195728
6/17/18 2:15;-0,3629422;-0,2061123
6/17/18 2:30;-0,3652382;-0,2149973
6/17/18 2:45;-0,3644856;-0,2184565
6/17/18 3:00;-0,3703362;-0,2119492
6/17/18 3:15;-0,3679468;-0,2248252
6/17/18 3:30;-0,3677487;-0,2397009
6/17/18 3:45;-0,3690487;-0,1951367
6/17/18 4:00;-0,3677517;-0,1891326
6/17/18 4:15;-0,3608301;-0,2017423
6/17/18 4:30;-0,3566391;-0,1891743
6/17/18 4:45;-0,3551741;-0,1816379
6/17/18 5:00;-0,3518002;-0,173258
6/17/18 5:15;1,058404;3,331148
6/17/18 5:30;4,444481;11,92044
6/17/18 5:45;8,717284;23,20837
6/17/18 6:00;17,85331;52,63916
6/17/18 6:15;18,71531;51,94261
6/17/18 6:30;23,64557;70,44398
6/17/18 6:45;37,94852;115,2819
6/17/18 7:00;34,36937;103,5184
6/17/18 7:15;49,32391;135,3838
6/17/18 7:30;70,64921;208,1556
6/17/18 7:45;87,92565;232,9081
6/17/18 8:00;99,68024;261,3364
6/17/18 8:15;111,57;287,6553
6/17/18 8:30;124,1862;314,1841
6/17/18 8:45;135,5515;342,5233
6/17/18 9:00;145,335;364,278
6/17/18 9:15;154,2956;388,8919
6/17/18 9:30;164,4321;409,7197
6/17/18 9:45;173,3354;431,3841
6/17/18 10:00;193,075;438,2552
6/17/18 10:15;189,1015;421,6876
6/17/18 10:30;191,6103;444,8726
6/17/18 10:45;197,442;483,082
6/17/18 11:00;200,8367;483,4666
6/17/18 11:15;203,5784;483,982
6/17/18 11:30;205,1118;484,0009
6/17/18 11:45;206,8535;484,1075
6/17/18 12:00;207,2816;484,1511
6/17/18 12:15;207,4561;484,1602
6/17/18 12:30;207,3513;484,1129
6/17/18 12:45;206,1526;480,741
6/17/18 13:00;205,1662;477,8662
6/17/18 13:15;201,9922;483,3581
6/17/18 13:30;202,5377;483,5546
6/17/18 13:45;200,991;479,2005
6/17/18 14:00;200,5765;480,4258
6/17/18 14:15;196,0268;476,3396
6/17/18 14:30;170,3551;462,0439
6/17/18 14:45;181,1644;449,4333
6/17/18 15:00;177,9971;432,0275
6/17/18 15:15;174,4082;413,7927
6/17/18 15:30;146,5585;335,0323
6/17/18 15:45;147,416;363,2014
6/17/18 16:00;147,8136;353,3881
6/17/18 16:15;130,4313;320,6039
6/17/18 16:30;128,8733;293,8237
6/17/18 16:45;101,3789;264,4815
6/17/18 17:00;91,09908;219,7933
6/17/18 17:15;82,94076;197,2356
6/17/18 17:30;94,03445;242,591
6/17/18 17:45;69,58584;166,0552
6/17/18 18:00;55,56385;132,227
6/17/18 18:15;49,62979;121,4118
6/17/18 18:30;40,78902;90,74068
6/17/18 18:45;29,2633;70,06798
6/17/18 19:00;14,6588;35,82259
6/17/18 19:15;11,86715;26,62872
6/17/18 19:30;9,575398;22,44948
6/17/18 19:45;5,490273;13,04141
6/17/18 20:00;1,791665;4,777152
6/17/18 20:15;0,07504515;0,9068267
6/17/18 20:30;-0,3497712;-0,1871513
6/17/18 20:45;-0,3573432;-0,2082694
6/17/18 21:00;-0,3588981;-0,2146434
6/17/18 21:15;-0,3591758;-0,2097191
6/17/18 21:30;-0,3578506;-0,2012989
6/17/18 21:45;-0,3597659;-0,1919892
6/17/18 22:00;-0,3661004;-0,2049541
6/17/18 22:15;-0,3626948;-0,2158238
6/17/18 22:30;-0,3618511;-0,2095558
6/17/18 22:45;-0,3587446;-0,2127295
6/17/18 23:00;-0,359926;-0,2223216
6/17/18 23:15;-0,3572395;-0,2203579
6/17/18 23:30;-0,3662598;-0,2177156
6/17/18 23:45;-0,3688144;-0,215409
6/18/18 0:00;-0,3638715;-0,2258219
6/18/18 0:15;-0,362242;-0,2148912
6/18/18 0:30;-0,3668406;-0,2169838
6/18/18 0:45;-0,3517738;-0,2344089
6/18/18 1:00;-0,3588879;-0,2201476
6/18/18 1:15;-0,3650882;-0,2192098
6/18/18 1:30;-0,3638184;-0,2063412
6/18/18 1:45;-0,3693521;-0,2164695
6/18/18 2:00;-0,3686203;-0,1905669
6/18/18 2:15;-0,3666276;-0,1755421
6/18/18 2:30;-0,366369;-0,2175734
6/18/18 2:45;-0,3721396;-0,2021242
6/18/18 3:00;-0,3682245;-0,2110634
6/18/18 3:15;-0,3559557;-0,1837644
6/18/18 3:30;-0,3676855;-0,2313946
6/18/18 3:45;-0,3651811;-0,1932871
6/18/18 4:00;-0,3660977;-0,226095
6/18/18 4:15;-0,3607665;-0,1840891
6/18/18 4:30;-0,3682483;-0,2267279
6/18/18 4:45;-0,3598477;-0,2006106
6/18/18 5:00;-0,3568356;-0,1824546
6/18/18 5:15;0,2003057;1,164289
6/18/18 5:30;2,398761;6,467636
6/18/18 5:45;5,822503;14,82092
6/18/18 6:00;12,39188;30,21871
6/18/18 6:15;19,02012;46,10613
6/18/18 6:30;24,43888;71,05093
6/18/18 6:45;31,59598;66,5063
6/18/18 7:00;34,78603;92,23946
6/18/18 7:15;46,75476;120,7472
6/18/18 7:30;45,49129;105,007
6/18/18 7:45;71,744;202,9389
6/18/18 8:00;105,2173;279,3483
6/18/18 8:15;108,983;259,3731
6/18/18 8:30;125,3103;304,1184
6/18/18 8:45;110,1674;258,729
6/18/18 9:00;103,7853;279,5158
6/18/18 9:15;136,7541;315,5791
6/18/18 9:30;91,81041;211,0786
6/18/18 9:45;89,41508;230,2052
6/18/18 10:00;129,2174;332,334
6/18/18 10:15;148,3001;332,4525
6/18/18 10:30;128,0887;314,6027
6/18/18 10:45;117,9592;279,6408
6/18/18 11:00;109,3625;283,2691
6/18/18 11:15;140,2808;330,8484
6/18/18 11:30;128,7452;300,9066
6/18/18 11:45;115,6723;270,1127
6/18/18 12:00;122,304;273,3091
6/18/18 12:15;109,0152;278,6872
6/18/18 12:30;123,6745;350,0491
6/18/18 12:45;179,2237;452,4258
6/18/18 13:00;138,5535;333,5498
6/18/18 13:15;136,8737;322,6442
6/18/18 13:30;125,1548;301,6223
6/18/18 13:45;107,9988;264,4522
6/18/18 14:00;109,4138;268,4927
6/18/18 14:15;161,2164;332,9653
6/18/18 14:30;159,5324;382,4138
6/18/18 14:45;155,7942;362,1071
6/18/18 15:00;171,1454;365,2846
6/18/18 15:15;118,2104;326,9494
6/18/18 15:30;134,6782;317,9311
6/18/18 15:45;160,946;369,399
6/18/18 16:00;145,5242;346,4798
6/18/18 16:15;138,1828;332,1907
6/18/18 16:30;131,1756;311,0208
6/18/18 16:45;115,9778;272,0581
6/18/18 17:00;97,90865;224,4072
6/18/18 17:15;67,99834;190,3886
6/18/18 17:30;39,78464;89,37235
6/18/18 17:45;23,76122;54,33791
6/18/18 18:00;7,118356;15,99509
6/18/18 18:15;0,7162569;2,153279
6/18/18 18:30;-0,3232476;-0,1696156
6/18/18 18:45;-0,3403708;-0,170403
6/18/18 19:00;-0,1217091;0,5336416
6/18/18 19:15;3,324985;9,528273
6/18/18 19:30;1,63124;4,409578
6/18/18 19:45;0,551254;2,259998
6/18/18 20:00;0,3886073;1,64551
6/18/18 20:15;-0,3491976;-0,1822504
6/18/18 20:30;-0,3509296;-0,2068612
6/18/18 20:45;-0,3610868;-0,1766804
6/18/18 21:00;-0,357838;-0,2024332
6/18/18 21:15;-0,3604546;-0,2063508
6/18/18 21:30;-0,3671413;-0,2157433
6/18/18 21:45;-0,3674146;-0,2306781
6/18/18 22:00;-0,3611049;-0,1982998
6/18/18 22:15;-0,3641504;-0,2048392
6/18/18 22:30;-0,3654756;-0,2056431
6/18/18 22:45;-0,3674076;-0,2035436
6/18/18 23:00;-0,3600588;-0,2001549
6/18/18 23:15;-0,3609063;-0,2093196
6/18/18 23:30;-0,3611052;-0,2088687
6/18/18 23:45;-0,3672938;-0,2229421
6/19/18 0:00;-0,3554196;-0,2195791
6/19/18 0:15;-0,3634539;-0,2072705
6/19/18 0:30;-0,3642945;-0,2043704
6/19/18 0:45;-0,3607381;-0,1989753
6/19/18 1:00;-0,3647489;-0,1985578
6/19/18 1:15;-0,3759211;-0,2040418
6/19/18 1:30;-0,3665151;-0,2065759
6/19/18 1:45;-0,3643031;-0,2149114
6/19/18 2:00;-0,3700732;-0,2092602
6/19/18 2:15;-0,3700588;-0,1941099
6/19/18 2:30;-0,3696088;-0,1948823
6/19/18 2:45;-0,3673651;-0,201896
6/19/18 3:00;-0,3686745;-0,2067325
6/19/18 3:15;-0,3666943;-0,2114897
6/19/18 3:30;-0,3659747;-0,2081599
6/19/18 3:45;-0,3657627;-0,2222545
6/19/18 4:00;-0,3657229;-0,1959699
6/19/18 4:15;-0,3672452;-0,2017269
6/19/18 4:30;-0,3579366;-0,2071144
6/19/18 4:45;-0,3578719;-0,1995596
6/19/18 5:00;-0,3549068;-0,1813847
6/19/18 5:15;-0,3452408;-0,1688916
6/19/18 5:30;1,87431;5,460625
6/19/18 5:45;5,437804;12,60142
6/19/18 6:00;6,39272;15,58418
6/19/18 6:15;9,492132;24,40271
6/19/18 6:30;18,6825;46,57322
6/19/18 6:45;24,81803;61,68004
6/19/18 7:00;27,87441;78,8788
6/19/18 7:15;30,26261;73,43783
6/19/18 7:30;58,01631;165,957
6/19/18 7:45;87,24457;221,5269
6/19/18 8:00;76,59589;181,7421
6/19/18 8:15;119,2684;307,215
6/19/18 8:30;115,0617;311,1763
6/19/18 8:45;130,709;362,2877
6/19/18 9:00;151,4368;413,1652
6/19/18 9:15;166,2374;432,5145
6/19/18 9:30;169,6049;441,9441
6/19/18 9:45;177,4229;458,8107
6/19/18 10:00;179,1865;471,4372
6/19/18 10:15;197,7771;482,2995
6/19/18 10:30;204,6274;484,3867
6/19/18 10:45;207,5836;484,5825
6/19/18 11:00;207,6897;484,7695
6/19/18 11:15;207,6617;484,7888
6/19/18 11:30;207,6346;484,9267
6/19/18 11:45;207,6548;484,9862
6/19/18 12:00;207,6343;484,9969
6/19/18 12:15;207,6896;485,0045
6/19/18 12:30;207,6661;484,9002
6/19/18 12:45;207,6677;484,9435
6/19/18 13:00;207,6847;484,9124
6/19/18 13:15;207,7022;484,8985
6/19/18 13:30;207,6754;484,8601
6/19/18 13:45;207,6523;484,5853
6/19/18 14:00;207,6644;484,5246
6/19/18 14:15;207,1272;484,3729
6/19/18 14:30;206,3759;484,1188
6/19/18 14:45;203,3438;482,8717
6/19/18 15:00;197,2835;476,3746
6/19/18 15:15;188,7866;460,173
6/19/18 15:30;178,2763;439,5698
6/19/18 15:45;169,0986;418,8822
6/19/18 16:00;160,1546;399,7882
6/19/18 16:15;152,5983;376,4593
6/19/18 16:30;141,7338;349,3625
6/19/18 16:45;130,8304;321,6613
6/19/18 17:00;119,0098;293,1492
6/19/18 17:15;106,2734;260,2787
6/19/18 17:30;92,27544;229,1246
6/19/18 17:45;79,06398;197,1893
6/19/18 18:00;65,52231;164,8128
6/19/18 18:15;52,54071;134,1792
6/19/18 18:30;31,03341;62,95933
6/19/18 18:45;17,59983;37,56278
6/19/18 19:00;17,02588;37,34054
6/19/18 19:15;10,75326;24,75537
6/19/18 19:30;8,446923;18,87927
6/19/18 19:45;5,099293;12,03418
6/19/18 20:00;1,90121;5,021498
6/19/18 20:15;0,5007789;1,924628
6/19/18 20:30;-0,3305182;-0,1353749
6/19/18 20:45;-0,3604775;-0,2032415
6/19/18 21:00;-0,3633117;-0,1975421
6/19/18 21:15;-0,3637156;-0,196663
6/19/18 21:30;-0,3644228;-0,2130625
6/19/18 21:45;-0,3609011;-0,2011089
6/19/18 22:00;-0,3630159;-0,2078075
6/19/18 22:15;-0,3616613;-0,2058398
6/19/18 22:30;-0,3589845;-0,205673
6/19/18 22:45;-0,3640014;-0,2146647
6/19/18 23:00;-0,368376;-0,2093007
6/19/18 23:15;-0,3738064;-0,1932052
6/19/18 23:30;-0,3671378;-0,214222
6/19/18 23:45;-0,3715489;-0,1915767
6/20/18 0:00;-0,3727033;-0,2071899
6/20/18 0:15;-0,3701898;-0,2008237
6/20/18 0:30;-0,3754523;-0,2015982
6/20/18 0:45;-0,3683938;-0,2162636
6/20/18 1:00;-0,3719636;-0,2066021
6/20/18 1:15;-0,3675977;-0,2120301
6/20/18 1:30;-0,3655293;-0,2159543
6/20/18 1:45;-0,3637028;-0,223795
6/20/18 2:00;-0,3714168;-0,2073089
6/20/18 2:15;-0,367092;-0,2037589
6/20/18 2:30;-0,3639091;-0,1996663
6/20/18 2:45;-0,3669265;-0,1910374
6/20/18 3:00;-0,369549;-0,2053919
6/20/18 3:15;-0,3709293;-0,1918474
6/20/18 3:30;-0,3675869;-0,1924157
6/20/18 3:45;-0,3667666;-0,1901641
6/20/18 4:00;-0,3676124;-0,2005775
6/20/18 4:15;-0,3682624;-0,19567
6/20/18 4:30;-0,3682057;-0,2127027
6/20/18 4:45;-0,3644699;-0,1829085
6/20/18 5:00;-0,2486043;-0,05866254
6/20/18 5:15;1,211385;3,461166
6/20/18 5:30;3,344433;8,354856
6/20/18 5:45;6,7659;19,32356
6/20/18 6:00;12,04105;37,55017
6/20/18 6:15;19,36742;62,46827
6/20/18 6:30;28,73262;92,06988
6/20/18 6:45;40,16721;124,8115
6/20/18 7:00;52,11741;157,7708
6/20/18 7:15;64,32545;191,1239
6/20/18 7:30;77,50687;224,352
6/20/18 7:45;91,27111;255,0776
6/20/18 8:00;103,7384;285,5054
6/20/18 8:15;116,4425;314,6079
6/20/18 8:30;128,8041;341,9478
6/20/18 8:45;141,7328;369,4779
6/20/18 9:00;153,099;396,4784
6/20/18 9:15;164,8641;425,0896
6/20/18 9:30;160,168;427,8993
6/20/18 9:45;173,4331;396,2049
6/20/18 10:00;192,0313;440,866
6/20/18 10:15;145,3514;361,0613
6/20/18 10:30;160,577;414,3069
6/20/18 10:45;164,2203;411,8121
6/20/18 11:00;201,9185;478,6085
6/20/18 11:15;179,2821;464,359
6/20/18 11:30;184,1537;411,109
6/20/18 11:45;207,5731;475,8629
6/20/18 12:00;207,2391;484,7875
6/20/18 12:15;207,6589;484,8104
6/20/18 12:30;207,6626;484,6998
6/20/18 12:45;207,6581;484,7605
6/20/18 13:00;207,1326;480,9018
6/20/18 13:15;179,3592;422,0962
6/20/18 13:30;140,8747;424,3787
6/20/18 13:45;199,0844;481,3105
6/20/18 14:00;162,8667;360,9638
6/20/18 14:15;110,241;264,9033
6/20/18 14:30;126,0727;357,3286
6/20/18 14:45;113,3427;338,1036
6/20/18 15:00;110,0198;263,9532
6/20/18 15:15;80,19341;189,2721
6/20/18 15:30;98,45242;249,1737
6/20/18 15:45;122,8897;296,6609
6/20/18 16:00;100,3206;232,4092
6/20/18 16:15;107,7925;260,0352
6/20/18 16:30;77,21243;191,3777
6/20/18 16:45;59,29382;142,1937
6/20/18 17:00;52,51811;132,7527
6/20/18 17:15;57,85288;139,7312
6/20/18 17:30;75,45551;199,2574
6/20/18 17:45;59,32145;128,8456
6/20/18 18:00;44,72586;109,8262
6/20/18 18:15;38,62695;92,9381
6/20/18 18:30;26,38264;60,12425
6/20/18 18:45;19,80194;47,02421
6/20/18 19:00;19,48233;49,37476
6/20/18 19:15;15,54354;39,53287
6/20/18 19:30;9,242016;24,56919
6/20/18 19:45;3,996531;11,1156
6/20/18 20:00;1,953097;5,809263
6/20/18 20:15;0,4929037;1,999842
6/20/18 20:30;-0,3028795;-0,06762774
6/20/18 20:45;-0,3618622;-0,2006192
6/20/18 21:00;-0,3636908;-0,2083854
6/20/18 21:15;-0,3618807;-0,2145678
6/20/18 21:30;-0,3640939;-0,2010676
6/20/18 21:45;-0,3536574;-0,2053795
6/20/18 22:00;-0,3635531;-0,2095136
6/20/18 22:15;-0,3670151;-0,1992445
6/20/18 22:30;-0,3659532;-0,2132243
6/20/18 22:45;-0,3645689;-0,1974856
6/20/18 23:00;-0,3650733;-0,1966537
6/20/18 23:15;-0,3626635;-0,1930854
6/20/18 23:30;-0,3630191;-0,2058704
6/20/18 23:45;-0,3614998;-0,2060207
6/21/18 0:00;-0,3674109;-0,2120334
6/21/18 0:15;-0,3663206;-0,2182342
6/21/18 0:30;-0,3707631;-0,1863978
6/21/18 0:45;-0,3653238;-0,2135057
6/21/18 1:00;-0,366971;-0,2025234
6/21/18 1:15;-0,3633499;-0,1929229
6/21/18 1:30;-0,3672223;-0,1981342
6/21/18 1:45;-0,365606;-0,1945235
6/21/18 2:00;-0,3684789;-0,212845
6/21/18 2:15;-0,3638174;-0,1935555
6/21/18 2:30;-0,3713414;-0,2066052
6/21/18 2:45;-0,3628863;-0,2011558
6/21/18 3:00;-0,3680338;-0,2085754
6/21/18 3:15;-0,3678981;-0,2079937
6/21/18 3:30;-0,3637334;-0,2012508
6/21/18 3:45;-0,3654963;-0,2049171
6/21/18 4:00;-0,3676521;-0,2084093
6/21/18 4:15;-0,3690591;-0,2340235
6/21/18 4:30;-0,3680123;-0,2103241
6/21/18 4:45;-0,3643888;-0,2033781
6/21/18 5:00;-0,3246793;-0,06699388
6/21/18 5:15;1,229547;3,800769
6/21/18 5:30;3,266772;8,71549
6/21/18 5:45;4,984416;13,13498
6/21/18 6:00;9,929494;27,3864
6/21/18 6:15;13,42026;46,71683
6/21/18 6:30;21,32248;93,27245
6/21/18 6:45;38,1993;106,3966
6/21/18 7:00;36,05129;93,03497
6/21/18 7:15;39,48791;97,28313
6/21/18 7:30;47,47062;119,8743
6/21/18 7:45;55,56147;152,5035
6/21/18 8:00;82,91199;224,5688
6/21/18 8:15;105,1759;329,5277
6/21/18 8:30;95,96235;166,233
6/21/18 8:45;90,8069;257,7173
6/21/18 9:00;88,13001;219,9591
6/21/18 9:15;168,9164;405,5114
6/21/18 9:30;171,5249;441,3131
6/21/18 9:45;177,8905;451,9315
6/21/18 10:00;183,8618;464,3133
6/21/18 10:15;188,5726;477,3422
6/21/18 10:30;186,36;484,1115
6/21/18 10:45;199,3725;484,0608
6/21/18 11:00;201,1817;484,1806
6/21/18 11:15;205,7067;484,2824
6/21/18 11:30;206,2092;444,2765
6/21/18 11:45;207,6649;422,9076
6/21/18 12:00;131,2692;484,7231
6/21/18 12:15;207,4769;484,793
6/21/18 12:30;146,584;484,8676
6/21/18 12:45;96,55788;484,8799
6/21/18 13:00;159,6758;484,9065
6/21/18 13:15;111,1372;370,7878
6/21/18 13:30;207,7049;389,8459
6/21/18 13:45;186,4257;283,479
6/21/18 14:00;127,1681;321,0483
6/21/18 14:15;138,1973;317,2693
6/21/18 14:30;49,06439;131,7545
6/21/18 14:45;77,25674;166,207
6/21/18 15:00;152,3284;365,5885
6/21/18 15:15;147,5531;403,0187
6/21/18 15:30;178,0388;439,2948
6/21/18 15:45;155,3987;421,6891
6/21/18 16:00;97,80648;361,4108
6/21/18 16:15;117,048;337,9683
6/21/18 16:30;128,4406;334,4907
6/21/18 16:45;134,4146;314,5302
6/21/18 17:00;114,5152;280,724
6/21/18 17:15;49,84448;145,7748
6/21/18 17:30;79,40564;248,0564
6/21/18 17:45;39,87718;87,90052
6/21/18 18:00;72,75804;180,3886
6/21/18 18:15;46,6946;89,00091
6/21/18 18:30;31,95075;69,56994
6/21/18 18:45;32,2393;78,89491
6/21/18 19:00;18,87;43,94523
6/21/18 19:15;11,90329;27,19813
6/21/18 19:30;7,033315;16,7923
6/21/18 19:45;3,791544;10,25522
6/21/18 20:00;3,006235;7,663018
6/21/18 20:15;0,5344267;2,660009
6/21/18 20:30;-0,3488141;-0,1283698
6/21/18 20:45;-0,3621921;-0,198749
6/21/18 21:00;-0,3652841;-0,2088289
6/21/18 21:15;-0,3656879;-0,2106159
6/21/18 21:30;-0,3607614;-0,194574
6/21/18 21:45;-0,3664988;-0,2047939
6/21/18 22:00;-0,3655101;-0,2047226
6/21/18 22:15;-0,3657447;-0,2047266
6/21/18 22:30;-0,3610859;-0,2021104
6/21/18 22:45;-0,3654041;-0,2082552
6/21/18 23:00;-0,3681895;-0,2033531
6/21/18 23:15;-0,3701695;-0,2042138
6/21/18 23:30;-0,3638122;-0,202622
6/21/18 23:45;-0,3683197;-0,2035927
6/22/18 0:00;-0,3681887;-0,2065817
6/22/18 0:15;-0,3683505;-0,2035896
6/22/18 0:30;-0,3694835;-0,2066417
6/22/18 0:45;-0,3732372;-0,2112869
6/22/18 1:00;-0,3690713;-0,1990271
6/22/18 1:15;-0,3718976;-0,1992547
6/22/18 1:30;-0,3710956;-0,2126574
6/22/18 1:45;-0,3726496;-0,1981734
6/22/18 2:00;-0,3731329;-0,1883937
6/22/18 2:15;-0,37274;-0,2017527
6/22/18 2:30;-0,3685265;-0,21072
6/22/18 2:45;-0,3709868;-0,2065331
6/22/18 3:00;-0,3729435;-0,2082223
6/22/18 3:15;-0,374065;-0,1983072
6/22/18 3:30;-0,3680478;-0,2033717
6/22/18 3:45;-0,3683659;-0,1939081
6/22/18 4:00;-0,3681183;-0,2056398
6/22/18 4:15;-0,3652123;-0,2104303
6/22/18 4:30;-0,3652147;-0,20593
6/22/18 4:45;-0,3634071;-0,1969577
6/22/18 5:00;-0,33021;-0,04097853
6/22/18 5:15;1,006562;3,355879
6/22/18 5:30;3,153413;8,647021
6/22/18 5:45;6,276093;19,71663
6/22/18 6:00;11,27879;36,50439
6/22/18 6:15;18,68837;61,36081
6/22/18 6:30;27,96609;90,17424
6/22/18 6:45;39,57664;121,3762
6/22/18 7:00;51,50647;155,0096
6/22/18 7:15;64,36625;188,7209
6/22/18 7:30;77,36417;220,6633
6/22/18 7:45;91,02396;254,927
6/22/18 8:00;104,7408;286,2237
6/22/18 8:15;118,0147;315,9903
6/22/18 8:30;130,7887;343,8125
6/22/18 8:45;141,9495;370,5414
6/22/18 9:00;153,5674;397,5446
6/22/18 9:15;163,7476;418,7246
6/22/18 9:30;171,6077;438,4233
6/22/18 9:45;178,6017;461,3056
6/22/18 10:00;185,5376;474,5374
6/22/18 10:15;192,427;482,8596
6/22/18 10:30;200,8015;484,1239
6/22/18 10:45;206,7616;484,6194
6/22/18 11:00;207,665;484,8625
6/22/18 11:15;207,661;484,8408
6/22/18 11:30;207,7202;484,9448
6/22/18 11:45;207,7014;484,9734
6/22/18 12:00;207,2159;484,763
6/22/18 12:15;207,6805;483,1337
6/22/18 12:30;205,6063;478,9102
6/22/18 12:45;175,4602;451,4083
6/22/18 13:00;159,7489;410,3052
6/22/18 13:15;169,7542;402,7614
6/22/18 13:30;176,1609;454,626
6/22/18 13:45;192,6065;485,5062
6/22/18 14:00;188,1044;455,4482
6/22/18 14:15;200,1024;481,7399
6/22/18 14:30;203,8455;473,3915
6/22/18 14:45;196,7416;404,4113
6/22/18 15:00;166,1599;389,2644
6/22/18 15:15;192,9206;467,2572
6/22/18 15:30;134,9547;316,7697
6/22/18 15:45;95,59612;270,3025
6/22/18 16:00;129,2155;317,7018
6/22/18 16:15;141,8974;316,1628
6/22/18 16:30;112,1663;263,8408
6/22/18 16:45;94,45037;243,6035
6/22/18 17:00;106,4182;270,1725
6/22/18 17:15;59,5944;121,1461
6/22/18 17:30;60,15895;131,6962
6/22/18 17:45;46,93572;105,9162
6/22/18 18:00;62,41821;146,4854
6/22/18 18:15;40,03292;97,11682
6/22/18 18:30;30,88964;74,5478
6/22/18 18:45;24,58875;59,863
6/22/18 19:00;20,27272;50,34706
6/22/18 19:15;16,27263;40,37656
6/22/18 19:30;10,67157;26,4342
6/22/18 19:45;5,835827;14,81153
6/22/18 20:00;2,195381;6,250619
6/22/18 20:15;-0,03812799;0,7534016
6/22/18 20:30;-0,3507055;-0,1710732
6/22/18 20:45;-0,363708;-0,1949466
6/22/18 21:00;-0,3632715;-0,2071775
6/22/18 21:15;-0,3649167;-0,2135648
6/22/18 21:30;-0,3655088;-0,1962998
6/22/18 21:45;-0,3670494;-0,2118424
6/22/18 22:00;-0,3653928;-0,2051427
6/22/18 22:15;-0,3631997;-0,1900874
6/22/18 22:30;-0,3653732;-0,208718
6/22/18 22:45;-0,3648025;-0,2019282
6/22/18 23:00;-0,3645917;-0,2214991
6/22/18 23:15;-0,3657067;-0,1944897
6/22/18 23:30;-0,3660978;-0,2020527
6/22/18 23:45;-0,3666757;-0,2000513
6/23/18 0:00;-0,3730246;-0,2079866
6/23/18 0:15;-0,3715159;-0,2107325
6/23/18 0:30;-0,372973;-0,2041039
6/23/18 0:45;-0,3698052;-0,2027729
6/23/18 1:00;-0,3718497;-0,2007065
6/23/18 1:15;-0,3709335;-0,196302
6/23/18 1:30;-0,3699847;-0,2053402
6/23/18 1:45;-0,3644296;-0,2055982
6/23/18 2:00;-0,3717723;-0,210538
6/23/18 2:15;-0,3790071;-0,198104
6/23/18 2:30;-0,3734219;-0,2161159
6/23/18 2:45;-0,3702731;-0,2146499
6/23/18 3:00;-0,3734214;-0,1879224
6/23/18 3:15;-0,3658416;-0,2138271
6/23/18 3:30;-0,3686759;-0,2062296
6/23/18 3:45;-0,3695883;-0,211175
6/23/18 4:00;-0,3677137;-0,2053308
6/23/18 4:15;-0,3675574;-0,2154525
6/23/18 4:30;-0,36876;-0,2034103
6/23/18 4:45;-0,3697119;-0,199384
6/23/18 5:00;-0,3553154;-0,1789241
6/23/18 5:15;-0,164171;0,3726237
6/23/18 5:30;2,556169;7,225137
6/23/18 5:45;3,2578;9,136361
6/23/18 6:00;3,537263;8,367321
6/23/18 6:15;6,817317;16,44788
6/23/18 6:30;7,873223;19,39779
6/23/18 6:45;6,977777;16,89799
6/23/18 7:00;8,222951;21,67789
6/23/18 7:15;12,07681;33,941
6/23/18 7:30;20,06382;49,05265
6/23/18 7:45;31,01875;68,44772
6/23/18 8:00;22,87206;53,34569
6/23/18 8:15;28,15455;68,08778
6/23/18 8:30;31,85649;79,99496
6/23/18 8:45;36,52592;102,6638
6/23/18 9:00;36,7696;95,76418
6/23/18 9:15;28,37993;69,68307
6/23/18 9:30;32,93103;81,11293
6/23/18 9:45;42,77461;101,8955
6/23/18 10:00;43,25452;118,6531
6/23/18 10:15;47,66833;114,0754
6/23/18 10:30;61,39384;139,8882
6/23/18 10:45;78,92702;174,5246
6/23/18 11:00;120,7262;275,071
6/23/18 11:15;160,9837;358,3257
6/23/18 11:30;130,223;276,2593
6/23/18 11:45;106,2055;259,7574
6/23/18 12:00;66,88966;182,907
6/23/18 12:15;34,2117;86,50169
6/23/18 12:30;33,32228;74,49106
6/23/18 12:45;32,27275;80,09805
6/23/18 13:00;36,21978;97,51855
6/23/18 13:15;48,37302;136,8904
6/23/18 13:30;37,7103;99,71029
6/23/18 13:45;34,77023;78,13812
6/23/18 14:00;26,13485;51,22323
6/23/18 14:15;25,6554;67,56135
6/23/18 14:30;34,12606;96,09138
6/23/18 14:45;31,44193;78,55704
6/23/18 15:00;36,83638;95,9419
6/23/18 15:15;37,91203;96,58238
6/23/18 15:30;30,00252;65,77519
6/23/18 15:45;18,49174;40,45055
6/23/18 16:00;17,35475;46,7572
6/23/18 16:15;20,29136;55,27178
6/23/18 16:30;28,28227;59,60439
6/23/18 16:45;20,42964;51,33569
6/23/18 17:00;24,75378;47,9598
6/23/18 17:15;13,09612;29,38413
6/23/18 17:30;14,17725;33,67321
6/23/18 17:45;11,1567;30,08096
6/23/18 18:00;13,76991;35,5463
6/23/18 18:15;10,33709;26,33106
6/23/18 18:30;6,668131;15,33928
6/23/18 18:45;6,318526;16,75106
6/23/18 19:00;6,262222;11,99724
6/23/18 19:15;2,831961;7,359899
6/23/18 19:30;4,343711;12,76541
6/23/18 19:45;2,305975;6,609385
6/23/18 20:00;0,1581849;0,9927616
6/23/18 20:15;-0,3578195;-0,1725932
6/23/18 20:30;-0,3628211;-0,2235809
6/23/18 20:45;-0,3683174;-0,2074709
6/23/18 21:00;-0,361342;-0,2029874
6/23/18 21:15;-0,367616;-0,2027667
6/23/18 21:30;-0,3678995;-0,2059939
6/23/18 21:45;-0,3736843;-0,1985016
6/23/18 22:00;-0,3703927;-0,1970898
6/23/18 22:15;-0,3581359;-0,2061792
6/23/18 22:30;-0,3741554;-0,2131803
6/23/18 22:45;-0,3709641;-0,2196674
6/23/18 23:00;-0,3757017;-0,183133
6/23/18 23:15;-0,369268;-0,1777987
6/23/18 23:30;-0,3740539;-0,1931706
6/23/18 23:45;-0,3733326;-0,1852084
6/24/18 0:00;-0,3733118;-0,2276652
6/24/18 0:15;-0,3677953;-0,2002878
6/24/18 0:30;-0,3713779;-0,1705583
6/24/18 0:45;-0,3674879;-0,2058748
6/24/18 1:00;-0,3721637;-0,1983887
6/24/18 1:15;-0,3704324;-0,2119011
6/24/18 1:30;-0,3747037;-0,2144697
6/24/18 1:45;-0,3730772;-0,216253
6/24/18 2:00;-0,3616678;-0,2164462
6/24/18 2:15;-0,3618407;-0,2091622
6/24/18 2:30;-0,3705371;-0,1780415
6/24/18 2:45;-0,3715257;-0,1936351
6/24/18 3:00;-0,3646176;-0,1903264
6/24/18 3:15;-0,3693174;-0,2180963
6/24/18 3:30;-0,3660638;-0,2170416
6/24/18 3:45;-0,362841;-0,2157801
6/24/18 4:00;-0,3671038;-0,2100163
6/24/18 4:15;-0,367703;-0,2002251
6/24/18 4:30;-0,367292;-0,1948692
6/24/18 4:45;-0,3630143;-0,1948193
6/24/18 5:00;-0,3598144;-0,1710676
6/24/18 5:15;-0,2694046;-0,1366768
6/24/18 5:30;1,289071;3,496374
6/24/18 5:45;3,073031;8,250271
6/24/18 6:00;4,878192;13,31901
6/24/18 6:15;8,087698;18,36968
6/24/18 6:30;12,39037;24,48031
6/24/18 6:45;17,1095;36,36329
6/24/18 7:00;20,65803;43,89337
6/24/18 7:15;26,23952;58,61349
6/24/18 7:30;29,05431;68,52759
6/24/18 7:45;33,733;82,76826
6/24/18 8:00;39,47638;82,49751
6/24/18 8:15;38,83248;94,01447
6/24/18 8:30;42,8389;107,9184
6/24/18 8:45;48,22486;130,7327
6/24/18 9:00;48,79631;130,0904
6/24/18 9:15;54,42754;130,5983
6/24/18 9:30;58,71619;141,1594
6/24/18 9:45;52,3295;131,5852
6/24/18 10:00;63,39893;163,5562
6/24/18 10:15;72,69012;238,1854
6/24/18 10:30;89,12914;294,6743
6/24/18 10:45;143,291;400,3628
6/24/18 11:00;99,99686;352,121
6/24/18 11:15;173,7208;404,5517
6/24/18 11:30;178,5107;376,8942
6/24/18 11:45;136,9622;365,2148
6/24/18 12:00;110,2201;485,7062
6/24/18 12:15;91,95371;316,6224
6/24/18 12:30;139,7287;252,7904
6/24/18 12:45;155,2079;453,8594
6/24/18 13:00;174,3589;474,2195
6/24/18 13:15;158,3947;458,8273
6/24/18 13:30;189,9437;377,698
6/24/18 13:45;169,0372;401,4215
6/24/18 14:00;199,1502;392,7055
6/24/18 14:15;98,81653;235,5565
6/24/18 14:30;71,89863;176,0832
6/24/18 14:45;73,71503;204,0206
6/24/18 15:00;96,81947;262,0896
6/24/18 15:15;95,20036;245,4789
6/24/18 15:30;57,88459;157,2982
6/24/18 15:45;75,79816;156,8392
6/24/18 16:00;86,30751;197,9462
6/24/18 16:15;136,8058;307,2769
6/24/18 16:30;113,2891;318,1711
6/24/18 16:45;91,0854;202,1779
6/24/18 17:00;53,09428;124,3747
6/24/18 17:15;49,80205;127,1995
6/24/18 17:30;70,31376;169,4923
6/24/18 17:45;39,67624;87,24196
6/24/18 18:00;12,85428;25,33051
6/24/18 18:15;4,517869;12,16626
6/24/18 18:30;2,789559;6,530699
6/24/18 18:45;-0,2203261;0,168487
6/24/18 19:00;-0,344497;-0,17137
6/24/18 19:15;-0,349875;-0,1724137
6/24/18 19:30;-0,349442;-0,1718121
6/24/18 19:45;-0,3466383;0,1382352
6/24/18 20:00;0,06253592;1,536427
6/24/18 20:15;-0,3475372;-0,1719173
6/24/18 20:30;-0,3546127;-0,1757346
6/24/18 20:45;-0,3624255;-0,2018352
6/24/18 21:00;-0,3648927;-0,2020714
6/24/18 21:15;-0,3646665;-0,2012516
6/24/18 21:30;-0,3669033;-0,1911952
6/24/18 21:45;-0,3606978;-0,2015405
6/24/18 22:00;-0,3655179;-0,2077274
6/24/18 22:15;-0,3687494;-0,1973615
6/24/18 22:30;-0,3695136;-0,2088286
6/24/18 22:45;-0,36814;-0,2026891
6/24/18 23:00;-0,3642778;-0,1970305
6/24/18 23:15;-0,362978;-0,2149248
6/24/18 23:30;-0,3682531;-0,2080632
6/24/18 23:45;-0,3638044;-0,2043064
6/25/18 0:00;-0,3634239;-0,1997714
6/25/18 0:15;-0,3642506;-0,2042212
6/25/18 0:30;-0,3667832;-0,2082233
6/25/18 0:45;-0,3642679;-0,191603
6/25/18 1:00;-0,3643216;-0,2036768
6/25/18 1:15;-0,364208;-0,203169
6/25/18 1:30;-0,3684321;-0,2227341
6/25/18 1:45;-0,3658288;-0,2066029
6/25/18 2:00;-0,3689289;-0,2110479
6/25/18 2:15;-0,3722824;-0,2085221
6/25/18 2:30;-0,3707681;-0,2055033
6/25/18 2:45;-0,3696282;-0,2100846
6/25/18 3:00;-0,3678336;-0,2029811
6/25/18 3:15;-0,3673936;-0,1995857
6/25/18 3:30;-0,3667189;-0,2035753
6/25/18 3:45;-0,3667724;-0,2011065
6/25/18 4:00;-0,3654372;-0,2008778
6/25/18 4:15;-0,3657308;-0,2000816
6/25/18 4:30;-0,3648156;-0,198635
6/25/18 4:45;-0,363453;-0,1955977
6/25/18 5:00;-0,3553115;-0,1817752
6/25/18 5:15;-0,05962692;0,8891689
6/25/18 5:30;2,180577;6,84006
6/25/18 5:45;5,471663;13,36792
6/25/18 6:00;10,36168;27,73276
6/25/18 6:15;17,03964;40,75292
6/25/18 6:30;25,4298;79,61395
6/25/18 6:45;36,90216;111,3147
6/25/18 7:00;48,81777;151,1464
6/25/18 7:15;60,43829;183,4019
6/25/18 7:30;75,53908;239,9705
6/25/18 7:45;86,61742;254,8418
6/25/18 8:00;97,09024;222,8019
6/25/18 8:15;83,42409;284,128
6/25/18 8:30;53,57942;169,6909
6/25/18 8:45;58,94506;262,2985
6/25/18 9:00;52,68653;174,3545
6/25/18 9:15;114,4535;137,8294
6/25/18 9:30;108,4012;287,9746
6/25/18 9:45;121,4089;484,8314
6/25/18 10:00;174,8435;316,2907
6/25/18 10:15;205,3254;331,9443
6/25/18 10:30;85,69261;485,4227
6/25/18 10:45;98,05128;484,381
6/25/18 11:00;134,5132;376,1552
6/25/18 11:15;172,8927;301,8517
6/25/18 11:30;145,8593;322,5732
6/25/18 11:45;124,4702;455,2285
6/25/18 12:00;182,9459;424,4794
6/25/18 12:15;139,9652;479,361
6/25/18 12:30;165,2488;455,8953
6/25/18 12:45;135,8241;222,0343
6/25/18 13:00;156,482;413,5864
6/25/18 13:15;206,9364;379,4215
6/25/18 13:30;202,537;338,8113
6/25/18 13:45;102,3668;373,0986
6/25/18 14:00;206,7424;476,7614
6/25/18 14:15;142,0459;404,9969
6/25/18 14:30;106,4463;435,6872
6/25/18 14:45;196,0407;484,4431
6/25/18 15:00;58,51564;291,4833
6/25/18 15:15;119,783;405,11
6/25/18 15:30;162,8764;398,8058
6/25/18 15:45;116,7827;478,246
6/25/18 16:00;75,78044;269,2454
6/25/18 16:15;36,95635;151,7947
6/25/18 16:30;35,78604;177,763
6/25/18 16:45;47,27731;370,875
6/25/18 17:00;104,589;334,382
6/25/18 17:15;74,8748;290,399
6/25/18 17:30;75,46661;204,9425
6/25/18 17:45;70,2978;228,8083
6/25/18 18:00;48,25544;142,3543
6/25/18 18:15;18,66639;61,37093
6/25/18 18:30;42,40491;102,7767
6/25/18 18:45;29,66217;70,85987
6/25/18 19:00;19,44595;44,6341
6/25/18 19:15;10,16602;25,20807
6/25/18 19:30;6,782633;14,34399
6/25/18 19:45;3,860271;8,932096
6/25/18 20:00;2,034555;5,355418
6/25/18 20:15;0,5009495;2,025392
6/25/18 20:30;-0,3489674;-0,1575378
6/25/18 20:45;-0,3652889;-0,2001482
6/25/18 21:00;-0,3664939;-0,2013812
6/25/18 21:15;-0,3640539;-0,2089888
6/25/18 21:30;-0,3651986;-0,2007697
6/25/18 21:45;-0,3667595;-0,2063484
6/25/18 22:00;-0,3782504;-0,1978809
6/25/18 22:15;-0,3730145;-0,2057784
6/25/18 22:30;-0,373672;-0,1956066
6/25/18 22:45;-0,3708228;-0,2019724
6/25/18 23:00;-0,3701446;-0,2150832
6/25/18 23:15;-0,3614533;-0,2308227
6/25/18 23:30;-0,3725131;-0,1875762
6/25/18 23:45;-0,3762582;-0,1810902
6/26/18 0:00;-0,3686353;-0,2085942
6/26/18 0:15;-0,3798676;-0,2133438
6/26/18 0:30;-0,3666066;-0,1913915
6/26/18 0:45;-0,3692372;-0,1968816
6/26/18 1:00;-0,3678301;-0,1916233
6/26/18 1:15;-0,3700668;-0,1884933
6/26/18 1:30;-0,3705975;-0,1982958
6/26/18 1:45;-0,3588568;-0,1912625
6/26/18 2:00;-0,3677149;-0,207178
6/26/18 2:15;-0,3701669;-0,2057132
6/26/18 2:30;-0,3612179;-0,2114494
6/26/18 2:45;-0,3713061;-0,2004125
6/26/18 3:00;-0,373462;-0,2126958
6/26/18 3:15;-0,370479;-0,1901802
6/26/18 3:30;-0,3651436;-0,2067061
6/26/18 3:45;-0,3706695;-0,2149791
6/26/18 4:00;-0,3706101;-0,2051786
6/26/18 4:15;-0,3702063;-0,2119796
6/26/18 4:30;-0,3689974;-0,2079217
6/26/18 4:45;-0,3660412;-0,1887136
6/26/18 5:00;-0,3470443;0,01336078
6/26/18 5:15;1,051646;3,358658
6/26/18 5:30;3,062765;8,695762
6/26/18 5:45;5,915524;20,53403
6/26/18 6:00;10,60776;38,81356
6/26/18 6:15;18,07049;63,56787
6/26/18 6:30;27,45742;93,35764
6/26/18 6:45;38,96918;125,8043
6/26/18 7:00;50,79485;159,8154
6/26/18 7:15;64,58184;193,2296
6/26/18 7:30;77,89861;226,0437
6/26/18 7:45;91,39456;257,6879
6/26/18 8:00;105,2855;287,5335
6/26/18 8:15;118,3584;318,2876
6/26/18 8:30;131,3913;347,3558
6/26/18 8:45;143,6518;374,0847
6/26/18 9:00;154,6058;399,951
6/26/18 9:15;163,5752;421,6102
6/26/18 9:30;172,2637;444,6891
6/26/18 9:45;181,3307;462,9924
6/26/18 10:00;189,6574;479,0007
6/26/18 10:15;195,0751;483,7399
6/26/18 10:30;199,6424;484,3601
6/26/18 10:45;203,8789;484,5509
6/26/18 11:00;207,4124;484,7123
6/26/18 11:15;207,6998;484,7425
6/26/18 11:30;207,6995;484,9466
6/26/18 11:45;207,6674;484,936
6/26/18 12:00;207,6474;484,989
6/26/18 12:15;207,6446;484,9836
6/26/18 12:30;207,6723;484,9294
6/26/18 12:45;207,6183;484,9985
6/26/18 13:00;207,6838;484,9662
6/26/18 13:15;207,6703;484,9483
6/26/18 13:30;207,6546;484,9384
6/26/18 13:45;207,6624;484,6907
6/26/18 14:00;207,3183;484,6986
6/26/18 14:15;206,0838;484,4908
6/26/18 14:30;202,4886;483,7143
6/26/18 14:45;195,662;482,8536
6/26/18 15:00;188,4049;471,6907
6/26/18 15:15;185,4529;458,2523
6/26/18 15:30;177,7377;443,2014
6/26/18 15:45;167,265;420,4119
6/26/18 16:00;158,8727;400,4535
6/26/18 16:15;149,2619;374,9412
6/26/18 16:30;139,4789;347,3247
6/26/18 16:45;127,062;323,5661
6/26/18 17:00;119,2952;297,0401
6/26/18 17:15;105,3582;261,5609
6/26/18 17:30;92,13406;228,8602
6/26/18 17:45;78,35565;178,2601
6/26/18 18:00;65,5856;169,523
6/26/18 18:15;54,45514;127,0511
6/26/18 18:30;37,81467;89,05831
6/26/18 18:45;30,85943;75,93765
6/26/18 19:00;23,92052;58,2994
6/26/18 19:15;12,31674;27,43967
6/26/18 19:30;6,679518;15,46946
6/26/18 19:45;4,466732;11,76627
6/26/18 20:00;2,809385;7,819572
6/26/18 20:15;0,3491791;1,782114
6/26/18 20:30;-0,3492788;-0,162692
6/26/18 20:45;-0,3573588;-0,1942606
6/26/18 21:00;-0,362384;-0,196913
6/26/18 21:15;-0,3630356;-0,1992719
6/26/18 21:30;-0,3642154;-0,2142754
6/26/18 21:45;-0,3642769;-0,2062659
6/26/18 22:00;-0,3675558;-0,2052912
6/26/18 22:15;-0,3757681;-0,1987996
6/26/18 22:30;-0,3741525;-0,2021988
6/26/18 22:45;-0,3716298;-0,1907325
6/26/18 23:00;-0,3675975;-0,2057046
6/26/18 23:15;-0,3666125;-0,1964166
6/26/18 23:30;-0,3680992;-0,216084
6/26/18 23:45;-0,3728042;-0,2050934
6/27/18 0:00;-0,3703124;-0,2340896
6/27/18 0:15;-0,3702077;-0,2097644
6/27/18 0:30;-0,3692652;-0,1939095
6/27/18 0:45;-0,3661963;-0,1744167
6/27/18 1:00;-0,370081;-0,2135634
6/27/18 1:15;-0,3743229;-0,1969454
6/27/18 1:30;-0,3707208;-0,2109816
6/27/18 1:45;-0,3740677;-0,1971347
6/27/18 2:00;-0,3740851;-0,2183479
6/27/18 2:15;-0,3757831;-0,2021648
6/27/18 2:30;-0,3792882;-0,2093037
6/27/18 2:45;-0,380776;-0,214653
6/27/18 3:00;-0,3760371;-0,2230074
6/27/18 3:15;-0,3737958;-0,2136742
6/27/18 3:30;-0,370266;-0,2009071
6/27/18 3:45;-0,3736295;-0,2113791
6/27/18 4:00;-0,3730447;-0,1984822
6/27/18 4:15;-0,3735681;-0,2059334
6/27/18 4:30;-0,3725454;-0,2107573
6/27/18 4:45;-0,3677556;-0,2061851
6/27/18 5:00;-0,3581014;-0,1676952
6/27/18 5:15;0,1377108;1,061662
6/27/18 5:30;2,744048;7,681377
6/27/18 5:45;7,007682;18,25235
6/27/18 6:00;11,35147;29,63275
6/27/18 6:15;17,49061;44,26951
6/27/18 6:30;21,77627;53,88041
6/27/18 6:45;25,05737;62,10329
6/27/18 7:00;31,95908;78,82663
6/27/18 7:15;39,57827;97,62549
6/27/18 7:30;47,40555;118,1473
6/27/18 7:45;56,59763;152,57
6/27/18 8:00;72,10885;184,368
6/27/18 8:15;75,26694;189,3194
6/27/18 8:30;94,54548;250,1075
6/27/18 8:45;115,0977;282,967
6/27/18 9:00;111,7079;271,8542
6/27/18 9:15;120,3676;293,9612
6/27/18 9:30;96,08906;234,0989
6/27/18 9:45;100,7596;264,4181
6/27/18 10:00;121,4271;309,5979
6/27/18 10:15;117,8745;301,2889
6/27/18 10:30;123,8664;316,3209
6/27/18 10:45;118,3218;285,9843
6/27/18 11:00;133,2542;327,6706
6/27/18 11:15;107,1599;262,8717
6/27/18 11:30;122,4453;303,5787
6/27/18 11:45;127,2429;318,0886
6/27/18 12:00;162,6096;410,5997
6/27/18 12:15;189,5817;471,7221
6/27/18 12:30;207,6932;485,3612
6/27/18 12:45;190,8422;354,0623
6/27/18 13:00;121,8714;408,5994
6/27/18 13:15;143,263;388,4524
6/27/18 13:30;171,1704;337,2412
6/27/18 13:45;108,2182;271,5627
6/27/18 14:00;125,9457;329,569
6/27/18 14:15;127,9564;321,4957
6/27/18 14:30;114,9346;276,1768
6/27/18 14:45;86,73672;203,4384
6/27/18 15:00;75,80203;183,5846
6/27/18 15:15;61,95781;146,8493
6/27/18 15:30;57,05295;142,1521
6/27/18 15:45;59,58247;144,7848
6/27/18 16:00;51,64935;126,8681
6/27/18 16:15;55,08696;135,5169
6/27/18 16:30;48,98229;117,4826
6/27/18 16:45;37,93799;93,17942
6/27/18 17:00;38,62825;100,7876
6/27/18 17:15;36,76881;95,50103
6/27/18 17:30;30,05499;74,51293
6/27/18 17:45;23,35217;60,29128
6/27/18 18:00;27,23745;70,32561
6/27/18 18:15;24,11963;61,14711
6/27/18 18:30;20,02607;49,08227
6/27/18 18:45;13,4827;34,7047
6/27/18 19:00;13,22924;34,17523
6/27/18 19:15;10,62923;27,40886
6/27/18 19:30;9,401035;25,04515
6/27/18 19:45;5,323063;13,75723
6/27/18 20:00;1,279809;4,002644
6/27/18 20:15;-0,3007163;0,02389265
6/27/18 20:30;-0,3556844;-0,1878955
6/27/18 20:45;-0,3603611;-0,2078911
6/27/18 21:00;-0,3625903;-0,2035701
6/27/18 21:15;-0,3645314;-0,2124248
6/27/18 21:30;-0,3607597;-0,2014956
6/27/18 21:45;-0,3645768;-0,2018069
6/27/18 22:00;-0,3645562;-0,200105
6/27/18 22:15;-0,3693517;-0,194231
6/27/18 22:30;-0,3605554;-0,1909344
6/27/18 22:45;-0,3650486;-0,1912016
6/27/18 23:00;-0,3670239;-0,2009635
6/27/18 23:15;-0,3686658;-0,209888
6/27/18 23:30;-0,3689307;-0,2067607
6/27/18 23:45;-0,3647803;-0,2051435
6/28/18 0:00;-0,3612877;-0,2106589
6/28/18 0:15;-0,3676323;-0,194932
6/28/18 0:30;-0,3681196;-0,2156439
6/28/18 0:45;-0,3699053;-0,1760475
6/28/18 1:00;-0,3681065;-0,200852
6/28/18 1:15;-0,3684007;-0,1965855
6/28/18 1:30;-0,3642642;-0,2108745
6/28/18 1:45;-0,3721874;-0,1978359
6/28/18 2:00;-0,3673485;-0,2039957
6/28/18 2:15;-0,3682041;-0,2058986
6/28/18 2:30;-0,3666053;-0,2029925
6/28/18 2:45;-0,3660046;-0,1972337
6/28/18 3:00;-0,3671538;-0,2104299
6/28/18 3:15;-0,3678467;-0,2016092
6/28/18 3:30;-0,3681429;-0,1950606
6/28/18 3:45;-0,3696385;-0,211877
6/28/18 4:00;-0,3656189;-0,2011751
6/28/18 4:15;-0,3651862;-0,2028718
6/28/18 4:30;-0,3649757;-0,2011725
6/28/18 4:45;-0,3656702;-0,2027397
6/28/18 5:00;-0,3597128;-0,1881966
6/28/18 5:15;-0,3324444;-0,0677524
6/28/18 5:30;1,836833;4,578418
6/28/18 5:45;1,610577;5,132468
6/28/18 6:00;3,747389;11,34507
6/28/18 6:15;9,131274;27,13495
6/28/18 6:30;5,127917;14,9189
6/28/18 6:45;4,225552;12,83828
6/28/18 7:00;3,012393;10,25432
6/28/18 7:15;3,071717;9,051032
6/28/18 7:30;2,97127;7,75368
6/28/18 7:45;3,02073;7,029338
6/28/18 8:00;2,144627;6,194845
6/28/18 8:15;6,246655;16,59719
6/28/18 8:30;6,746745;18,35042
6/28/18 8:45;0,4996533;2,2178
6/28/18 9:00;0,7357007;0,889488
6/28/18 9:15;2,696516;3,366767
6/28/18 9:30;0,9185058;1,996481
6/28/18 9:45;1,785202;5,574156
6/28/18 10:00;2,103597;6,692608
6/28/18 10:15;6,456003;21,26527
6/28/18 10:30;20,31573;60,4997
6/28/18 10:45;48,07557;117,0215
6/28/18 11:00;71,71561;213,238
6/28/18 11:15;48,68136;133,9749
6/28/18 11:30;20,44724;54,59179
6/28/18 11:45;23,1683;69,59209
6/28/18 12:00;20,57363;56,7191
6/28/18 12:15;58,65458;159,5863
6/28/18 12:30;52,82091;129,8984
6/28/18 12:45;24,68764;54,81232
6/28/18 13:00;21,01011;63,72208
6/28/18 13:15;44,33107;168,7356
6/28/18 13:30;33,65498;68,3296
6/28/18 13:45;20,50667;57,53082
6/28/18 14:00;23,21865;64,19405
6/28/18 14:15;37,22138;93,36813
6/28/18 14:30;48,08554;120,5338
6/28/18 14:45;52,68874;110,1525
6/28/18 15:00;49,49376;69,68533
6/28/18 15:15;47,73655;109,2132
6/28/18 15:30;74,04172;171,4317
6/28/18 15:45;55,44409;156,7807
6/28/18 16:00;106,634;226,3278
6/28/18 16:15;83,36649;227,6232
6/28/18 16:30;14,64253;58,51711
6/28/18 16:45;44,99217;140,2082
6/28/18 17:00;65,44835;101,0401
6/28/18 17:15;21,34952;52,6031
6/28/18 17:30;22,3122;56,60392
6/28/18 17:45;23,33485;53,74083
6/28/18 18:00;13,8104;31,12297
6/28/18 18:15;6,675527;17,70406
6/28/18 18:30;5,498904;16,32804
6/28/18 18:45;5,648587;17,49698
6/28/18 19:00;9,491315;25,28483
6/28/18 19:15;4,924015;15,17662
6/28/18 19:30;4,752229;12,97991
6/28/18 19:45;3,886397;9,121574
6/28/18 20:00;1,235576;3,652168
6/28/18 20:15;0,5914787;1,922639
6/28/18 20:30;-0,1366991;0,2514189
6/28/18 20:45;-0,3672878;-0,1913185
6/28/18 21:00;-0,3666505;-0,2091641
6/28/18 21:15;-0,364662;-0,1968341
6/28/18 21:30;-0,3661574;-0,209871
6/28/18 21:45;-0,3636208;-0,1961267
6/28/18 22:00;-0,3653367;-0,1968132
6/28/18 22:15;-0,3609302;-0,2042118
6/28/18 22:30;-0,3627351;-0,2120211
6/28/18 22:45;-0,3700449;-0,2064837
6/28/18 23:00;-0,3706188;-0,1860812
6/28/18 23:15;-0,3627675;-0,2152739
6/28/18 23:30;-0,3619715;-0,2308237
6/28/18 23:45;-0,356366;-0,2189391
6/29/18 0:00;-0,3607349;-0,1893641
6/29/18 0:15;-0,3643138;-0,1964976
6/29/18 0:30;-0,367741;-0,1923789
6/29/18 0:45;-0,3657593;-0,2094571
6/29/18 1:00;-0,3677334;-0,2010126
6/29/18 1:15;-0,3638092;-0,208432
6/29/18 1:30;-0,3674433;-0,195252
6/29/18 1:45;-0,3669652;-0,2129841
6/29/18 2:00;-0,3627762;-0,1911287
6/29/18 2:15;-0,3632013;-0,19589
6/29/18 2:30;-0,3636984;-0,2125228
6/29/18 2:45;-0,3563577;-0,2011255
6/29/18 3:00;-0,3702483;-0,2116718
6/29/18 3:15;-0,3654873;-0,2016787
6/29/18 3:30;-0,3590413;-0,184911
6/29/18 3:45;-0,3673587;-0,2117384
6/29/18 4:00;-0,3647886;-0,2191625
6/29/18 4:15;-0,358254;-0,2041158
6/29/18 4:30;-0,3608974;-0,1956998
6/29/18 4:45;-0,3605996;-0,1971592
6/29/18 5:00;-0,354074;-0,1685847
6/29/18 5:15;0,5498165;2,36431
6/29/18 5:30;2,379812;6,781096
6/29/18 5:45;4,770459;15,46435
6/29/18 6:00;8,82534;31,26829
6/29/18 6:15;15,56258;53,99605
6/29/18 6:30;24,30581;83,06738
6/29/18 6:45;35,35307;115,6708
6/29/18 7:00;46,67946;148,8759
6/29/18 7:15;59,3559;182,6351
6/29/18 7:30;72,46585;214,7664
6/29/18 7:45;85,46513;246,6852
6/29/18 8:00;97,6032;278,7157
6/29/18 8:15;110,2717;306,7732
6/29/18 8:30;124,0423;333,2458
6/29/18 8:45;135,5814;359,6145
6/29/18 9:00;145,746;386,5258
6/29/18 9:15;156,4968;409,2155
6/29/18 9:30;165,2506;434,8394
6/29/18 9:45;172,9445;453,6653
6/29/18 10:00;178,6727;468,3647
6/29/18 10:15;185,9851;479,041
6/29/18 10:30;193,5219;484,0958
6/29/18 10:45;199,3763;484,1654
6/29/18 11:00;203,024;484,3998
6/29/18 11:15;205,0914;429,6869
6/29/18 11:30;204,7034;378,7691
6/29/18 11:45;207,5924;389,5209
6/29/18 12:00;204,4363;421,879
6/29/18 12:15;207,5452;485,535
6/29/18 12:30;207,6061;256,5095
6/29/18 12:45;180,0223;431,2295
6/29/18 13:00;154,3664;310,4078
6/29/18 13:15;105,6318;326,2587
6/29/18 13:30;137,596;389,1797
6/29/18 13:45;195,3031;430,7715
6/29/18 14:00;141,167;360,8823
6/29/18 14:15;99,04903;243,5557
6/29/18 14:30;112,1539;290,1503
6/29/18 14:45;181,9322;484,3914
6/29/18 15:00;197,8359;398,5108
6/29/18 15:15;131,6571;407,601
6/29/18 15:30;149,8195;272,49
6/29/18 15:45;149,8262;430,8144
6/29/18 16:00;141,0972;425,2861
6/29/18 16:15;157,9255;391,2173
6/29/18 16:30;122,8478;337,7392
6/29/18 16:45;117,7307;314,1403
6/29/18 17:00;114,7533;287,5465
6/29/18 17:15;101,3195;251,7768
6/29/18 17:30;87,71558;222,1733
6/29/18 17:45;75,14928;191,5386
6/29/18 18:00;60,78531;158,3335
6/29/18 18:15;50,19489;128,2378
6/29/18 18:30;38,65143;96,82286
6/29/18 18:45;27,8687;67,06526
6/29/18 19:00;16,69197;42,34639
6/29/18 19:15;11,54039;25,83616
6/29/18 19:30;7,298456;16,91463
6/29/18 19:45;4,588256;11,70675
6/29/18 20:00;2,826967;7,823698
6/29/18 20:15;0,1253067;1,110415
6/29/18 20:30;-0,3468823;-0,1769327
6/29/18 20:45;-0,3585861;-0,2142022
6/29/18 21:00;-0,3621776;-0,2030812
6/29/18 21:15;-0,3562476;-0,226302
6/29/18 21:30;-0,3618035;-0,2107487
6/29/18 21:45;-0,353607;-0,2064404
6/29/18 22:00;-0,3615347;-0,1961108
6/29/18 22:15;-0,3603545;-0,2011053
6/29/18 22:30;-0,3605678;-0,2081257
6/29/18 22:45;-0,367582;-0,2034861
6/29/18 23:00;-0,3696154;-0,1925295
6/29/18 23:15;-0,3655167;-0,2221235
6/29/18 23:30;-0,3643432;-0,2023719
6/29/18 23:45;-0,3616227;-0,194342
6/30/18 0:00;-0,3598556;-0,1920629
6/30/18 0:15;-0,3595054;-0,1955047
6/30/18 0:30;-0,3579091;-0,2131078
6/30/18 0:45;-0,3641908;-0,2176226
6/30/18 1:00;-0,3588802;-0,1930694
6/30/18 1:15;-0,3684092;-0,1899511
6/30/18 1:30;-0,3706773;-0,2066111
6/30/18 1:45;-0,3664725;-0,2060512
6/30/18 2:00;-0,3596794;-0,2123559
6/30/18 2:15;-0,3688942;-0,2063998
6/30/18 2:30;-0,3652915;-0,1995162
6/30/18 2:45;-0,3578345;-0,2187436
6/30/18 3:00;-0,3627793;-0,196894
6/30/18 3:15;-0,3618881;-0,2064788
6/30/18 3:30;-0,3548282;-0,2089251
6/30/18 3:45;-0,3642084;-0,2050606
6/30/18 4:00;-0,3616264;-0,2130422
6/30/18 4:15;-0,3609511;-0,2114003
6/30/18 4:30;-0,3641227;-0,212942
6/30/18 4:45;-0,3599599;-0,185957
6/30/18 5:00;-0,3505535;-0,1698681
6/30/18 5:15;0,2418246;1,58369
6/30/18 5:30;3,266467;9,140289
6/30/18 5:45;7,009986;18,95519
6/30/18 6:00;11,71774;31,19824
6/30/18 6:15;17,94594;48,76088
6/30/18 6:30;25,49134;72,40141
6/30/18 6:45;35,46296;101,909
6/30/18 7:00;38,4974;106,2078
6/30/18 7:15;49,1717;142,3605
6/30/18 7:30;55,63476;146,8421
6/30/18 7:45;67,33407;204,8593
6/30/18 8:00;85,0652;268,8955
6/30/18 8:15;88,76828;278,6455
6/30/18 8:30;121,6071;310,4409
6/30/18 8:45;125,9793;331,448
6/30/18 9:00;139,0373;362,7485
6/30/18 9:15;148,5275;386,5406
6/30/18 9:30;148,665;392,8937
6/30/18 9:45;150,7906;384,9073
6/30/18 10:00;172,0575;447,3593
6/30/18 10:15;179,3208;466,9802
6/30/18 10:30;185,8935;477,8844
6/30/18 10:45;194,1027;483,6894
6/30/18 11:00;195,8457;481,8607
6/30/18 11:15;192,1624;483,1425
6/30/18 11:30;178,4655;461,4544
6/30/18 11:45;198,4172;470,0752
6/30/18 12:00;188,7215;454,1329
6/30/18 12:15;184,8405;473,0963
6/30/18 12:30;176,2088;441,2383
6/30/18 12:45;188,1106;477,3342
6/30/18 13:00;199,139;483,0164
6/30/18 13:15;193,7737;483,2673
6/30/18 13:30;178,5832;451,0953
6/30/18 13:45;152,4949;289,9557
6/30/18 14:00;155,1751;281,5646
6/30/18 14:15;93,23582;211,4987
6/30/18 14:30;103,6043;208,7073
6/30/18 14:45;82,94431;224,4763
6/30/18 15:00;173,9294;424,0766
6/30/18 15:15;196,7305;474,1307
6/30/18 15:30;191,331;459,1493
6/30/18 15:45;169,9374;424,9155
6/30/18 16:00;129,732;386,0394
6/30/18 16:15;140,186;349,7756
6/30/18 16:30;130,5854;324,1111
6/30/18 16:45;119,4435;295,5537
6/30/18 17:00;88,30275;194,204
6/30/18 17:15;80,36974;245,9762
6/30/18 17:30;83,38859;211,3849
6/30/18 17:45;66,23258;185,9815
6/30/18 18:00;61,67617;154,6649
6/30/18 18:15;47,24997;121,1557
6/30/18 18:30;37,23101;93,58678
6/30/18 18:45;29,16281;69,81365
6/30/18 19:00;21,10789;50,59116
6/30/18 19:15;15,80461;38,5484
6/30/18 19:30;10,14253;24,7082
6/30/18 19:45;6,412576;15,89641
6/30/18 20:00;3,54545;9,457016
6/30/18 20:15;0,7113914;2,665034
6/30/18 20:30;-0,3470786;-0,186506
6/30/18 20:45;-0,3614182;-0,2037702
6/30/18 21:00;-0,359815;-0,2006769
6/30/18 21:15;-0,3582097;-0,2181645
6/30/18 21:30;-0,3621091;-0,2251815
6/30/18 21:45;-0,3574455;-0,2135864
6/30/18 22:00;-0,3589911;-0,1949758
6/30/18 22:15;-0,357996;-0,2102837
6/30/18 22:30;-0,359428;-0,2053916
6/30/18 22:45;-0,3524103;-0,1917242
6/30/18 23:00;-0,3606242;-0,2132818
6/30/18 23:15;-0,3597955;-0,205808
6/30/18 23:30;-0,3611076;-0,1934149
6/30/18 23:45;-0,3661096;-0,218973
